id,Geographic Area Name,"Estimate!!Total!!Civilian employed population 16 years and over!!Arts, entertainment, and recreation, and accommodation and food services","Margin of Error!!Total MOE!!Civilian employed population 16 years and over!!Arts, entertainment, and recreation, and accommodation and food services"
1400000US17031010100,"Census Tract 101, Cook County, Illinois",306,146
1400000US17031010201,"Census Tract 102.01, Cook County, Illinois",375,147
1400000US17031010202,"Census Tract 102.02, Cook County, Illinois",216,95
1400000US17031010300,"Census Tract 103, Cook County, Illinois",569,215
1400000US17031010400,"Census Tract 104, Cook County, Illinois",514,182
1400000US17031010501,"Census Tract 105.01, Cook County, Illinois",461,211
1400000US17031010502,"Census Tract 105.02, Cook County, Illinois",413,143
1400000US17031010503,"Census Tract 105.03, Cook County, Illinois",238,118
1400000US17031010600,"Census Tract 106, Cook County, Illinois",361,151
1400000US17031010701,"Census Tract 107.01, Cook County, Illinois",490,220
1400000US17031010702,"Census Tract 107.02, Cook County, Illinois",617,249
1400000US17031020100,"Census Tract 201, Cook County, Illinois",394,205
1400000US17031020200,"Census Tract 202, Cook County, Illinois",354,149
1400000US17031020301,"Census Tract 203.01, Cook County, Illinois",106,55
1400000US17031020302,"Census Tract 203.02, Cook County, Illinois",157,86
1400000US17031020400,"Census Tract 204, Cook County, Illinois",205,101
1400000US17031020500,"Census Tract 205, Cook County, Illinois",482,277
1400000US17031020601,"Census Tract 206.01, Cook County, Illinois",223,172
1400000US17031020602,"Census Tract 206.02, Cook County, Illinois",491,214
1400000US17031020701,"Census Tract 207.01, Cook County, Illinois",67,42
1400000US17031020702,"Census Tract 207.02, Cook County, Illinois",383,175
1400000US17031020801,"Census Tract 208.01, Cook County, Illinois",319,174
1400000US17031020802,"Census Tract 208.02, Cook County, Illinois",819,308
1400000US17031020901,"Census Tract 209.01, Cook County, Illinois",487,169
1400000US17031020902,"Census Tract 209.02, Cook County, Illinois",345,169
1400000US17031030101,"Census Tract 301.01, Cook County, Illinois",256,118
1400000US17031030102,"Census Tract 301.02, Cook County, Illinois",201,74
1400000US17031030103,"Census Tract 301.03, Cook County, Illinois",143,58
1400000US17031030104,"Census Tract 301.04, Cook County, Illinois",312,162
1400000US17031030200,"Census Tract 302, Cook County, Illinois",303,128
1400000US17031030300,"Census Tract 303, Cook County, Illinois",262,108
1400000US17031030400,"Census Tract 304, Cook County, Illinois",195,85
1400000US17031030500,"Census Tract 305, Cook County, Illinois",736,211
1400000US17031030601,"Census Tract 306.01, Cook County, Illinois",412,144
1400000US17031030603,"Census Tract 306.03, Cook County, Illinois",171,61
1400000US17031030604,"Census Tract 306.04, Cook County, Illinois",256,110
1400000US17031030701,"Census Tract 307.01, Cook County, Illinois",210,84
1400000US17031030702,"Census Tract 307.02, Cook County, Illinois",84,85
1400000US17031030703,"Census Tract 307.03, Cook County, Illinois",276,114
1400000US17031030706,"Census Tract 307.06, Cook County, Illinois",93,65
1400000US17031030800,"Census Tract 308, Cook County, Illinois",303,121
1400000US17031030900,"Census Tract 309, Cook County, Illinois",230,111
1400000US17031031000,"Census Tract 310, Cook County, Illinois",303,121
1400000US17031031100,"Census Tract 311, Cook County, Illinois",493,166
1400000US17031031200,"Census Tract 312, Cook County, Illinois",776,314
1400000US17031031300,"Census Tract 313, Cook County, Illinois",418,154
1400000US17031031400,"Census Tract 314, Cook County, Illinois",307,155
1400000US17031031501,"Census Tract 315.01, Cook County, Illinois",421,174
1400000US17031031502,"Census Tract 315.02, Cook County, Illinois",559,249
1400000US17031031700,"Census Tract 317, Cook County, Illinois",665,236
1400000US17031031800,"Census Tract 318, Cook County, Illinois",162,59
1400000US17031031900,"Census Tract 319, Cook County, Illinois",95,47
1400000US17031032100,"Census Tract 321, Cook County, Illinois",707,281
1400000US17031040100,"Census Tract 401, Cook County, Illinois",204,69
1400000US17031040201,"Census Tract 402.01, Cook County, Illinois",357,128
1400000US17031040202,"Census Tract 402.02, Cook County, Illinois",605,190
1400000US17031040300,"Census Tract 403, Cook County, Illinois",199,123
1400000US17031040401,"Census Tract 404.01, Cook County, Illinois",256,109
1400000US17031040402,"Census Tract 404.02, Cook County, Illinois",482,182
1400000US17031040600,"Census Tract 406, Cook County, Illinois",205,85
1400000US17031040700,"Census Tract 407, Cook County, Illinois",338,107
1400000US17031040800,"Census Tract 408, Cook County, Illinois",98,40
1400000US17031040900,"Census Tract 409, Cook County, Illinois",90,60
1400000US17031050100,"Census Tract 501, Cook County, Illinois",184,76
1400000US17031050200,"Census Tract 502, Cook County, Illinois",404,189
1400000US17031050300,"Census Tract 503, Cook County, Illinois",135,83
1400000US17031050500,"Census Tract 505, Cook County, Illinois",479,182
1400000US17031050600,"Census Tract 506, Cook County, Illinois",219,150
1400000US17031050700,"Census Tract 507, Cook County, Illinois",111,55
1400000US17031050800,"Census Tract 508, Cook County, Illinois",46,29
1400000US17031050900,"Census Tract 509, Cook County, Illinois",82,36
1400000US17031051000,"Census Tract 510, Cook County, Illinois",119,66
1400000US17031051100,"Census Tract 511, Cook County, Illinois",87,37
1400000US17031051200,"Census Tract 512, Cook County, Illinois",41,25
1400000US17031051300,"Census Tract 513, Cook County, Illinois",101,57
1400000US17031051400,"Census Tract 514, Cook County, Illinois",34,21
1400000US17031060100,"Census Tract 601, Cook County, Illinois",149,66
1400000US17031060200,"Census Tract 602, Cook County, Illinois",187,101
1400000US17031060300,"Census Tract 603, Cook County, Illinois",200,97
1400000US17031060400,"Census Tract 604, Cook County, Illinois",191,81
1400000US17031060500,"Census Tract 605, Cook County, Illinois",80,48
1400000US17031060800,"Census Tract 608, Cook County, Illinois",286,139
1400000US17031060900,"Census Tract 609, Cook County, Illinois",483,225
1400000US17031061000,"Census Tract 610, Cook County, Illinois",157,49
1400000US17031061100,"Census Tract 611, Cook County, Illinois",70,51
1400000US17031061200,"Census Tract 612, Cook County, Illinois",102,41
1400000US17031061500,"Census Tract 615, Cook County, Illinois",112,51
1400000US17031061800,"Census Tract 618, Cook County, Illinois",135,44
1400000US17031061901,"Census Tract 619.01, Cook County, Illinois",292,146
1400000US17031061902,"Census Tract 619.02, Cook County, Illinois",387,133
1400000US17031062000,"Census Tract 620, Cook County, Illinois",294,128
1400000US17031062100,"Census Tract 621, Cook County, Illinois",313,104
1400000US17031062200,"Census Tract 622, Cook County, Illinois",152,89
1400000US17031062300,"Census Tract 623, Cook County, Illinois",59,31
1400000US17031062400,"Census Tract 624, Cook County, Illinois",26,16
1400000US17031062500,"Census Tract 625, Cook County, Illinois",100,42
1400000US17031062600,"Census Tract 626, Cook County, Illinois",108,57
1400000US17031062700,"Census Tract 627, Cook County, Illinois",101,59
1400000US17031062800,"Census Tract 628, Cook County, Illinois",198,76
1400000US17031062900,"Census Tract 629, Cook County, Illinois",279,109
1400000US17031063000,"Census Tract 630, Cook County, Illinois",183,74
1400000US17031063100,"Census Tract 631, Cook County, Illinois",110,51
1400000US17031063200,"Census Tract 632, Cook County, Illinois",442,187
1400000US17031063301,"Census Tract 633.01, Cook County, Illinois",144,70
1400000US17031063302,"Census Tract 633.02, Cook County, Illinois",260,114
1400000US17031063303,"Census Tract 633.03, Cook County, Illinois",41,21
1400000US17031063400,"Census Tract 634, Cook County, Illinois",157,84
1400000US17031070101,"Census Tract 701.01, Cook County, Illinois",195,96
1400000US17031070102,"Census Tract 701.02, Cook County, Illinois",100,60
1400000US17031070103,"Census Tract 701.03, Cook County, Illinois",23,26
1400000US17031070200,"Census Tract 702, Cook County, Illinois",146,104
1400000US17031070300,"Census Tract 703, Cook County, Illinois",108,53
1400000US17031070400,"Census Tract 704, Cook County, Illinois",173,72
1400000US17031070500,"Census Tract 705, Cook County, Illinois",132,70
1400000US17031070600,"Census Tract 706, Cook County, Illinois",102,47
1400000US17031070700,"Census Tract 707, Cook County, Illinois",270,134
1400000US17031071000,"Census Tract 710, Cook County, Illinois",250,97
1400000US17031071100,"Census Tract 711, Cook County, Illinois",299,148
1400000US17031071200,"Census Tract 712, Cook County, Illinois",131,86
1400000US17031071300,"Census Tract 713, Cook County, Illinois",96,81
1400000US17031071400,"Census Tract 714, Cook County, Illinois",225,89
1400000US17031071500,"Census Tract 715, Cook County, Illinois",132,90
1400000US17031071600,"Census Tract 716, Cook County, Illinois",16,15
1400000US17031071700,"Census Tract 717, Cook County, Illinois",144,65
1400000US17031071800,"Census Tract 718, Cook County, Illinois",103,67
1400000US17031080100,"Census Tract 801, Cook County, Illinois",179,155
1400000US17031080201,"Census Tract 802.01, Cook County, Illinois",147,91
1400000US17031080202,"Census Tract 802.02, Cook County, Illinois",200,105
1400000US17031080300,"Census Tract 803, Cook County, Illinois",242,123
1400000US17031080400,"Census Tract 804, Cook County, Illinois",98,86
1400000US17031081000,"Census Tract 810, Cook County, Illinois",664,313
1400000US17031081100,"Census Tract 811, Cook County, Illinois",229,115
1400000US17031081201,"Census Tract 812.01, Cook County, Illinois",205,110
1400000US17031081202,"Census Tract 812.02, Cook County, Illinois",62,44
1400000US17031081300,"Census Tract 813, Cook County, Illinois",194,109
1400000US17031081401,"Census Tract 814.01, Cook County, Illinois",55,51
1400000US17031081402,"Census Tract 814.02, Cook County, Illinois",117,92
1400000US17031081403,"Census Tract 814.03, Cook County, Illinois",283,161
1400000US17031081500,"Census Tract 815, Cook County, Illinois",323,170
1400000US17031081600,"Census Tract 816, Cook County, Illinois",93,78
1400000US17031081700,"Census Tract 817, Cook County, Illinois",137,77
1400000US17031081800,"Census Tract 818, Cook County, Illinois",410,192
1400000US17031081900,"Census Tract 819, Cook County, Illinois",31,19
1400000US17031090100,"Census Tract 901, Cook County, Illinois",79,50
1400000US17031090200,"Census Tract 902, Cook County, Illinois",262,138
1400000US17031090300,"Census Tract 903, Cook County, Illinois",90,50
1400000US17031100100,"Census Tract 1001, Cook County, Illinois",124,80
1400000US17031100200,"Census Tract 1002, Cook County, Illinois",247,135
1400000US17031100300,"Census Tract 1003, Cook County, Illinois",324,138
1400000US17031100400,"Census Tract 1004, Cook County, Illinois",145,75
1400000US17031100500,"Census Tract 1005, Cook County, Illinois",158,115
1400000US17031100600,"Census Tract 1006, Cook County, Illinois",304,113
1400000US17031100700,"Census Tract 1007, Cook County, Illinois",177,82
1400000US17031110100,"Census Tract 1101, Cook County, Illinois",197,133
1400000US17031110200,"Census Tract 1102, Cook County, Illinois",106,57
1400000US17031110300,"Census Tract 1103, Cook County, Illinois",298,118
1400000US17031110400,"Census Tract 1104, Cook County, Illinois",129,81
1400000US17031110501,"Census Tract 1105.01, Cook County, Illinois",203,124
1400000US17031110502,"Census Tract 1105.02, Cook County, Illinois",171,78
1400000US17031120100,"Census Tract 1201, Cook County, Illinois",168,70
1400000US17031120200,"Census Tract 1202, Cook County, Illinois",95,55
1400000US17031120300,"Census Tract 1203, Cook County, Illinois",175,102
1400000US17031120400,"Census Tract 1204, Cook County, Illinois",232,223
1400000US17031130100,"Census Tract 1301, Cook County, Illinois",100,66
1400000US17031130200,"Census Tract 1302, Cook County, Illinois",34,24
1400000US17031130300,"Census Tract 1303, Cook County, Illinois",231,117
1400000US17031140100,"Census Tract 1401, Cook County, Illinois",296,105
1400000US17031140200,"Census Tract 1402, Cook County, Illinois",719,217
1400000US17031140301,"Census Tract 1403.01, Cook County, Illinois",235,96
1400000US17031140302,"Census Tract 1403.02, Cook County, Illinois",217,124
1400000US17031140400,"Census Tract 1404, Cook County, Illinois",222,127
1400000US17031140500,"Census Tract 1405, Cook County, Illinois",144,95
1400000US17031140601,"Census Tract 1406.01, Cook County, Illinois",280,83
1400000US17031140602,"Census Tract 1406.02, Cook County, Illinois",547,286
1400000US17031140701,"Census Tract 1407.01, Cook County, Illinois",325,102
1400000US17031140702,"Census Tract 1407.02, Cook County, Illinois",514,145
1400000US17031140800,"Census Tract 1408, Cook County, Illinois",492,210
1400000US17031150200,"Census Tract 1502, Cook County, Illinois",507,227
1400000US17031150300,"Census Tract 1503, Cook County, Illinois",221,112
1400000US17031150401,"Census Tract 1504.01, Cook County, Illinois",179,82
1400000US17031150402,"Census Tract 1504.02, Cook County, Illinois",334,196
1400000US17031150501,"Census Tract 1505.01, Cook County, Illinois",192,87
1400000US17031150502,"Census Tract 1505.02, Cook County, Illinois",149,61
1400000US17031150600,"Census Tract 1506, Cook County, Illinois",269,135
1400000US17031150700,"Census Tract 1507, Cook County, Illinois",290,128
1400000US17031150800,"Census Tract 1508, Cook County, Illinois",315,103
1400000US17031151001,"Census Tract 1510.01, Cook County, Illinois",148,61
1400000US17031151002,"Census Tract 1510.02, Cook County, Illinois",517,182
1400000US17031151100,"Census Tract 1511, Cook County, Illinois",415,117
1400000US17031151200,"Census Tract 1512, Cook County, Illinois",154,75
1400000US17031160100,"Census Tract 1601, Cook County, Illinois",74,39
1400000US17031160200,"Census Tract 1602, Cook County, Illinois",12,18
1400000US17031160300,"Census Tract 1603, Cook County, Illinois",261,90
1400000US17031160400,"Census Tract 1604, Cook County, Illinois",501,151
1400000US17031160501,"Census Tract 1605.01, Cook County, Illinois",385,137
1400000US17031160502,"Census Tract 1605.02, Cook County, Illinois",299,110
1400000US17031160601,"Census Tract 1606.01, Cook County, Illinois",339,133
1400000US17031160602,"Census Tract 1606.02, Cook County, Illinois",320,198
1400000US17031160700,"Census Tract 1607, Cook County, Illinois",599,294
1400000US17031160800,"Census Tract 1608, Cook County, Illinois",441,209
1400000US17031160900,"Census Tract 1609, Cook County, Illinois",197,88
1400000US17031161000,"Census Tract 1610, Cook County, Illinois",47,29
1400000US17031161100,"Census Tract 1611, Cook County, Illinois",81,37
1400000US17031161200,"Census Tract 1612, Cook County, Illinois",172,74
1400000US17031161300,"Census Tract 1613, Cook County, Illinois",383,165
1400000US17031170100,"Census Tract 1701, Cook County, Illinois",13,19
1400000US17031170200,"Census Tract 1702, Cook County, Illinois",145,87
1400000US17031170300,"Census Tract 1703, Cook County, Illinois",264,158
1400000US17031170400,"Census Tract 1704, Cook County, Illinois",163,87
1400000US17031170500,"Census Tract 1705, Cook County, Illinois",243,97
1400000US17031170600,"Census Tract 1706, Cook County, Illinois",60,38
1400000US17031170700,"Census Tract 1707, Cook County, Illinois",127,109
1400000US17031170800,"Census Tract 1708, Cook County, Illinois",97,52
1400000US17031170900,"Census Tract 1709, Cook County, Illinois",88,54
1400000US17031171000,"Census Tract 1710, Cook County, Illinois",346,197
1400000US17031171100,"Census Tract 1711, Cook County, Illinois",83,58
1400000US17031180100,"Census Tract 1801, Cook County, Illinois",216,110
1400000US17031190100,"Census Tract 1901, Cook County, Illinois",208,81
1400000US17031190200,"Census Tract 1902, Cook County, Illinois",355,131
1400000US17031190300,"Census Tract 1903, Cook County, Illinois",273,117
1400000US17031190401,"Census Tract 1904.01, Cook County, Illinois",161,72
1400000US17031190402,"Census Tract 1904.02, Cook County, Illinois",334,110
1400000US17031190601,"Census Tract 1906.01, Cook County, Illinois",550,276
1400000US17031190602,"Census Tract 1906.02, Cook County, Illinois",366,149
1400000US17031190701,"Census Tract 1907.01, Cook County, Illinois",84,51
1400000US17031190702,"Census Tract 1907.02, Cook County, Illinois",152,75
1400000US17031190800,"Census Tract 1908, Cook County, Illinois",482,222
1400000US17031190900,"Census Tract 1909, Cook County, Illinois",151,95
1400000US17031191000,"Census Tract 1910, Cook County, Illinois",194,92
1400000US17031191100,"Census Tract 1911, Cook County, Illinois",608,202
1400000US17031191200,"Census Tract 1912, Cook County, Illinois",204,90
1400000US17031191301,"Census Tract 1913.01, Cook County, Illinois",416,158
1400000US17031191302,"Census Tract 1913.02, Cook County, Illinois",376,181
1400000US17031200100,"Census Tract 2001, Cook County, Illinois",357,152
1400000US17031200200,"Census Tract 2002, Cook County, Illinois",280,172
1400000US17031200300,"Census Tract 2003, Cook County, Illinois",135,67
1400000US17031200401,"Census Tract 2004.01, Cook County, Illinois",309,121
1400000US17031200402,"Census Tract 2004.02, Cook County, Illinois",449,180
1400000US17031210100,"Census Tract 2101, Cook County, Illinois",264,106
1400000US17031210400,"Census Tract 2104, Cook County, Illinois",222,71
1400000US17031210501,"Census Tract 2105.01, Cook County, Illinois",221,89
1400000US17031210502,"Census Tract 2105.02, Cook County, Illinois",390,143
1400000US17031210601,"Census Tract 2106.01, Cook County, Illinois",136,76
1400000US17031210602,"Census Tract 2106.02, Cook County, Illinois",465,153
1400000US17031210700,"Census Tract 2107, Cook County, Illinois",391,139
1400000US17031210800,"Census Tract 2108, Cook County, Illinois",159,59
1400000US17031210900,"Census Tract 2109, Cook County, Illinois",353,152
1400000US17031220300,"Census Tract 2203, Cook County, Illinois",221,76
1400000US17031220400,"Census Tract 2204, Cook County, Illinois",182,98
1400000US17031220500,"Census Tract 2205, Cook County, Illinois",325,112
1400000US17031220601,"Census Tract 2206.01, Cook County, Illinois",162,64
1400000US17031220602,"Census Tract 2206.02, Cook County, Illinois",558,208
1400000US17031220701,"Census Tract 2207.01, Cook County, Illinois",306,107
1400000US17031220702,"Census Tract 2207.02, Cook County, Illinois",331,129
1400000US17031220901,"Census Tract 2209.01, Cook County, Illinois",314,122
1400000US17031220902,"Census Tract 2209.02, Cook County, Illinois",287,95
1400000US17031221000,"Census Tract 2210, Cook County, Illinois",207,81
1400000US17031221100,"Census Tract 2211, Cook County, Illinois",587,168
1400000US17031221200,"Census Tract 2212, Cook County, Illinois",199,88
1400000US17031221300,"Census Tract 2213, Cook County, Illinois",287,100
1400000US17031221400,"Census Tract 2214, Cook County, Illinois",254,106
1400000US17031221500,"Census Tract 2215, Cook County, Illinois",159,92
1400000US17031221600,"Census Tract 2216, Cook County, Illinois",185,71
1400000US17031222200,"Census Tract 2222, Cook County, Illinois",101,51
1400000US17031222500,"Census Tract 2225, Cook County, Illinois",165,65
1400000US17031222600,"Census Tract 2226, Cook County, Illinois",244,73
1400000US17031222700,"Census Tract 2227, Cook County, Illinois",246,101
1400000US17031222800,"Census Tract 2228, Cook County, Illinois",102,46
1400000US17031222900,"Census Tract 2229, Cook County, Illinois",90,53
1400000US17031230100,"Census Tract 2301, Cook County, Illinois",199,78
1400000US17031230200,"Census Tract 2302, Cook County, Illinois",153,70
1400000US17031230300,"Census Tract 2303, Cook County, Illinois",89,47
1400000US17031230400,"Census Tract 2304, Cook County, Illinois",158,72
1400000US17031230500,"Census Tract 2305, Cook County, Illinois",186,118
1400000US17031230600,"Census Tract 2306, Cook County, Illinois",602,218
1400000US17031230700,"Census Tract 2307, Cook County, Illinois",520,246
1400000US17031230800,"Census Tract 2308, Cook County, Illinois",148,89
1400000US17031230900,"Census Tract 2309, Cook County, Illinois",482,183
1400000US17031231100,"Census Tract 2311, Cook County, Illinois",40,36
1400000US17031231200,"Census Tract 2312, Cook County, Illinois",368,176
1400000US17031231500,"Census Tract 2315, Cook County, Illinois",332,185
1400000US17031240200,"Census Tract 2402, Cook County, Illinois",50,31
1400000US17031240300,"Census Tract 2403, Cook County, Illinois",72,39
1400000US17031240500,"Census Tract 2405, Cook County, Illinois",100,58
1400000US17031240600,"Census Tract 2406, Cook County, Illinois",107,53
1400000US17031240700,"Census Tract 2407, Cook County, Illinois",120,51
1400000US17031240800,"Census Tract 2408, Cook County, Illinois",129,52
1400000US17031240900,"Census Tract 2409, Cook County, Illinois",71,44
1400000US17031241000,"Census Tract 2410, Cook County, Illinois",169,76
1400000US17031241100,"Census Tract 2411, Cook County, Illinois",387,142
1400000US17031241200,"Census Tract 2412, Cook County, Illinois",99,48
1400000US17031241300,"Census Tract 2413, Cook County, Illinois",87,39
1400000US17031241400,"Census Tract 2414, Cook County, Illinois",334,192
1400000US17031241500,"Census Tract 2415, Cook County, Illinois",154,94
1400000US17031241600,"Census Tract 2416, Cook County, Illinois",324,101
1400000US17031242000,"Census Tract 2420, Cook County, Illinois",495,321
1400000US17031242100,"Census Tract 2421, Cook County, Illinois",206,132
1400000US17031242200,"Census Tract 2422, Cook County, Illinois",316,105
1400000US17031242300,"Census Tract 2423, Cook County, Illinois",172,112
1400000US17031242400,"Census Tract 2424, Cook County, Illinois",234,105
1400000US17031242500,"Census Tract 2425, Cook County, Illinois",233,104
1400000US17031242600,"Census Tract 2426, Cook County, Illinois",645,307
1400000US17031242700,"Census Tract 2427, Cook County, Illinois",168,65
1400000US17031242800,"Census Tract 2428, Cook County, Illinois",132,56
1400000US17031242900,"Census Tract 2429, Cook County, Illinois",131,48
1400000US17031243000,"Census Tract 2430, Cook County, Illinois",291,137
1400000US17031243100,"Census Tract 2431, Cook County, Illinois",115,59
1400000US17031243200,"Census Tract 2432, Cook County, Illinois",159,61
1400000US17031243300,"Census Tract 2433, Cook County, Illinois",272,103
1400000US17031243400,"Census Tract 2434, Cook County, Illinois",119,48
1400000US17031243500,"Census Tract 2435, Cook County, Illinois",134,66
1400000US17031250200,"Census Tract 2502, Cook County, Illinois",84,44
1400000US17031250300,"Census Tract 2503, Cook County, Illinois",231,117
1400000US17031250400,"Census Tract 2504, Cook County, Illinois",321,172
1400000US17031250500,"Census Tract 2505, Cook County, Illinois",304,172
1400000US17031250600,"Census Tract 2506, Cook County, Illinois",139,87
1400000US17031250700,"Census Tract 2507, Cook County, Illinois",303,196
1400000US17031250800,"Census Tract 2508, Cook County, Illinois",59,48
1400000US17031251000,"Census Tract 2510, Cook County, Illinois",37,23
1400000US17031251100,"Census Tract 2511, Cook County, Illinois",113,70
1400000US17031251200,"Census Tract 2512, Cook County, Illinois",242,195
1400000US17031251300,"Census Tract 2513, Cook County, Illinois",95,55
1400000US17031251400,"Census Tract 2514, Cook County, Illinois",146,104
1400000US17031251500,"Census Tract 2515, Cook County, Illinois",90,64
1400000US17031251600,"Census Tract 2516, Cook County, Illinois",132,61
1400000US17031251700,"Census Tract 2517, Cook County, Illinois",96,63
1400000US17031251800,"Census Tract 2518, Cook County, Illinois",81,69
1400000US17031251900,"Census Tract 2519, Cook County, Illinois",178,88
1400000US17031252000,"Census Tract 2520, Cook County, Illinois",249,154
1400000US17031252101,"Census Tract 2521.01, Cook County, Illinois",29,37
1400000US17031252102,"Census Tract 2521.02, Cook County, Illinois",363,243
1400000US17031252201,"Census Tract 2522.01, Cook County, Illinois",98,46
1400000US17031252202,"Census Tract 2522.02, Cook County, Illinois",148,89
1400000US17031260100,"Census Tract 2601, Cook County, Illinois",53,34
1400000US17031260200,"Census Tract 2602, Cook County, Illinois",5,11
1400000US17031260300,"Census Tract 2603, Cook County, Illinois",13,24
1400000US17031260400,"Census Tract 2604, Cook County, Illinois",39,35
1400000US17031260500,"Census Tract 2605, Cook County, Illinois",96,77
1400000US17031260600,"Census Tract 2606, Cook County, Illinois",52,45
1400000US17031260700,"Census Tract 2607, Cook County, Illinois",46,41
1400000US17031260800,"Census Tract 2608, Cook County, Illinois",55,62
1400000US17031260900,"Census Tract 2609, Cook County, Illinois",62,53
1400000US17031261000,"Census Tract 2610, Cook County, Illinois",108,58
1400000US17031270500,"Census Tract 2705, Cook County, Illinois",19,21
1400000US17031271200,"Census Tract 2712, Cook County, Illinois",46,28
1400000US17031271300,"Census Tract 2713, Cook County, Illinois",60,48
1400000US17031271400,"Census Tract 2714, Cook County, Illinois",27,26
1400000US17031271500,"Census Tract 2715, Cook County, Illinois",32,27
1400000US17031271800,"Census Tract 2718, Cook County, Illinois",7,15
1400000US17031280100,"Census Tract 2801, Cook County, Illinois",245,136
1400000US17031280400,"Census Tract 2804, Cook County, Illinois",18,29
1400000US17031280800,"Census Tract 2808, Cook County, Illinois",54,33
1400000US17031280900,"Census Tract 2809, Cook County, Illinois",0,11
1400000US17031281900,"Census Tract 2819, Cook County, Illinois",171,122
1400000US17031282700,"Census Tract 2827, Cook County, Illinois",108,69
1400000US17031282800,"Census Tract 2828, Cook County, Illinois",66,38
1400000US17031283100,"Census Tract 2831, Cook County, Illinois",132,68
1400000US17031283200,"Census Tract 2832, Cook County, Illinois",75,57
1400000US17031283800,"Census Tract 2838, Cook County, Illinois",139,65
1400000US17031290900,"Census Tract 2909, Cook County, Illinois",126,76
1400000US17031291200,"Census Tract 2912, Cook County, Illinois",59,50
1400000US17031291600,"Census Tract 2916, Cook County, Illinois",50,48
1400000US17031292200,"Census Tract 2922, Cook County, Illinois",89,51
1400000US17031292400,"Census Tract 2924, Cook County, Illinois",83,60
1400000US17031292500,"Census Tract 2925, Cook County, Illinois",180,164
1400000US17031300500,"Census Tract 3005, Cook County, Illinois",148,84
1400000US17031300600,"Census Tract 3006, Cook County, Illinois",187,88
1400000US17031300700,"Census Tract 3007, Cook County, Illinois",175,98
1400000US17031300800,"Census Tract 3008, Cook County, Illinois",184,106
1400000US17031300900,"Census Tract 3009, Cook County, Illinois",353,141
1400000US17031301100,"Census Tract 3011, Cook County, Illinois",76,47
1400000US17031301200,"Census Tract 3012, Cook County, Illinois",195,96
1400000US17031301600,"Census Tract 3016, Cook County, Illinois",282,119
1400000US17031301701,"Census Tract 3017.01, Cook County, Illinois",201,107
1400000US17031301702,"Census Tract 3017.02, Cook County, Illinois",264,115
1400000US17031301801,"Census Tract 3018.01, Cook County, Illinois",86,60
1400000US17031301802,"Census Tract 3018.02, Cook County, Illinois",154,67
1400000US17031301803,"Census Tract 3018.03, Cook County, Illinois",316,153
1400000US17031310200,"Census Tract 3102, Cook County, Illinois",113,51
1400000US17031310300,"Census Tract 3103, Cook County, Illinois",65,37
1400000US17031310400,"Census Tract 3104, Cook County, Illinois",39,26
1400000US17031310500,"Census Tract 3105, Cook County, Illinois",194,87
1400000US17031310600,"Census Tract 3106, Cook County, Illinois",511,220
1400000US17031310700,"Census Tract 3107, Cook County, Illinois",176,74
1400000US17031310800,"Census Tract 3108, Cook County, Illinois",342,171
1400000US17031310900,"Census Tract 3109, Cook County, Illinois",552,226
1400000US17031320100,"Census Tract 3201, Cook County, Illinois",467,213
1400000US17031320400,"Census Tract 3204, Cook County, Illinois",178,71
1400000US17031320600,"Census Tract 3206, Cook County, Illinois",247,156
1400000US17031330100,"Census Tract 3301, Cook County, Illinois",724,385
1400000US17031330200,"Census Tract 3302, Cook County, Illinois",104,70
1400000US17031340300,"Census Tract 3403, Cook County, Illinois",182,67
1400000US17031340400,"Census Tract 3404, Cook County, Illinois",331,90
1400000US17031340500,"Census Tract 3405, Cook County, Illinois",142,56
1400000US17031340600,"Census Tract 3406, Cook County, Illinois",23,21
1400000US17031350100,"Census Tract 3501, Cook County, Illinois",64,62
1400000US17031350400,"Census Tract 3504, Cook County, Illinois",66,38
1400000US17031351000,"Census Tract 3510, Cook County, Illinois",140,176
1400000US17031351100,"Census Tract 3511, Cook County, Illinois",91,58
1400000US17031351400,"Census Tract 3514, Cook County, Illinois",68,54
1400000US17031351500,"Census Tract 3515, Cook County, Illinois",106,45
1400000US17031360200,"Census Tract 3602, Cook County, Illinois",61,42
1400000US17031380100,"Census Tract 3801, Cook County, Illinois",104,89
1400000US17031380200,"Census Tract 3802, Cook County, Illinois",18,21
1400000US17031380500,"Census Tract 3805, Cook County, Illinois",20,23
1400000US17031380700,"Census Tract 3807, Cook County, Illinois",29,32
1400000US17031381200,"Census Tract 3812, Cook County, Illinois",96,91
1400000US17031381400,"Census Tract 3814, Cook County, Illinois",47,40
1400000US17031381500,"Census Tract 3815, Cook County, Illinois",0,11
1400000US17031381700,"Census Tract 3817, Cook County, Illinois",0,11
1400000US17031381800,"Census Tract 3818, Cook County, Illinois",27,28
1400000US17031381900,"Census Tract 3819, Cook County, Illinois",78,45
1400000US17031390100,"Census Tract 3901, Cook County, Illinois",122,91
1400000US17031390200,"Census Tract 3902, Cook County, Illinois",63,54
1400000US17031390300,"Census Tract 3903, Cook County, Illinois",79,65
1400000US17031390400,"Census Tract 3904, Cook County, Illinois",134,105
1400000US17031390500,"Census Tract 3905, Cook County, Illinois",37,27
1400000US17031390600,"Census Tract 3906, Cook County, Illinois",33,20
1400000US17031390700,"Census Tract 3907, Cook County, Illinois",112,77
1400000US17031400300,"Census Tract 4003, Cook County, Illinois",32,24
1400000US17031400400,"Census Tract 4004, Cook County, Illinois",78,48
1400000US17031400500,"Census Tract 4005, Cook County, Illinois",81,56
1400000US17031400800,"Census Tract 4008, Cook County, Illinois",65,52
1400000US17031410100,"Census Tract 4101, Cook County, Illinois",266,163
1400000US17031410200,"Census Tract 4102, Cook County, Illinois",43,29
1400000US17031410500,"Census Tract 4105, Cook County, Illinois",62,46
1400000US17031410600,"Census Tract 4106, Cook County, Illinois",164,84
1400000US17031410700,"Census Tract 4107, Cook County, Illinois",76,58
1400000US17031410800,"Census Tract 4108, Cook County, Illinois",20,27
1400000US17031410900,"Census Tract 4109, Cook County, Illinois",111,72
1400000US17031411000,"Census Tract 4110, Cook County, Illinois",128,88
1400000US17031411100,"Census Tract 4111, Cook County, Illinois",93,34
1400000US17031411200,"Census Tract 4112, Cook County, Illinois",18,12
1400000US17031420100,"Census Tract 4201, Cook County, Illinois",55,38
1400000US17031420200,"Census Tract 4202, Cook County, Illinois",45,34
1400000US17031420300,"Census Tract 4203, Cook County, Illinois",110,56
1400000US17031420400,"Census Tract 4204, Cook County, Illinois",40,26
1400000US17031420500,"Census Tract 4205, Cook County, Illinois",63,48
1400000US17031420600,"Census Tract 4206, Cook County, Illinois",56,50
1400000US17031420700,"Census Tract 4207, Cook County, Illinois",100,62
1400000US17031420800,"Census Tract 4208, Cook County, Illinois",105,63
1400000US17031421200,"Census Tract 4212, Cook County, Illinois",36,34
1400000US17031430101,"Census Tract 4301.01, Cook County, Illinois",68,60
1400000US17031430102,"Census Tract 4301.02, Cook County, Illinois",185,114
1400000US17031430200,"Census Tract 4302, Cook County, Illinois",94,93
1400000US17031430300,"Census Tract 4303, Cook County, Illinois",73,62
1400000US17031430400,"Census Tract 4304, Cook County, Illinois",115,81
1400000US17031430500,"Census Tract 4305, Cook County, Illinois",187,86
1400000US17031430600,"Census Tract 4306, Cook County, Illinois",23,32
1400000US17031430700,"Census Tract 4307, Cook County, Illinois",17,17
1400000US17031430800,"Census Tract 4308, Cook County, Illinois",198,157
1400000US17031430900,"Census Tract 4309, Cook County, Illinois",25,26
1400000US17031431200,"Census Tract 4312, Cook County, Illinois",84,95
1400000US17031431301,"Census Tract 4313.01, Cook County, Illinois",141,73
1400000US17031431302,"Census Tract 4313.02, Cook County, Illinois",76,69
1400000US17031431400,"Census Tract 4314, Cook County, Illinois",173,148
1400000US17031440101,"Census Tract 4401.01, Cook County, Illinois",189,95
1400000US17031440102,"Census Tract 4401.02, Cook County, Illinois",75,41
1400000US17031440201,"Census Tract 4402.01, Cook County, Illinois",175,154
1400000US17031440202,"Census Tract 4402.02, Cook County, Illinois",133,81
1400000US17031440300,"Census Tract 4403, Cook County, Illinois",154,106
1400000US17031440600,"Census Tract 4406, Cook County, Illinois",0,11
1400000US17031440700,"Census Tract 4407, Cook County, Illinois",10,15
1400000US17031440800,"Census Tract 4408, Cook County, Illinois",126,58
1400000US17031440900,"Census Tract 4409, Cook County, Illinois",72,50
1400000US17031450300,"Census Tract 4503, Cook County, Illinois",151,92
1400000US17031460100,"Census Tract 4601, Cook County, Illinois",154,85
1400000US17031460200,"Census Tract 4602, Cook County, Illinois",178,91
1400000US17031460301,"Census Tract 4603.01, Cook County, Illinois",243,117
1400000US17031460302,"Census Tract 4603.02, Cook County, Illinois",146,69
1400000US17031460400,"Census Tract 4604, Cook County, Illinois",150,137
1400000US17031460500,"Census Tract 4605, Cook County, Illinois",551,325
1400000US17031460600,"Census Tract 4606, Cook County, Illinois",17,18
1400000US17031460700,"Census Tract 4607, Cook County, Illinois",86,59
1400000US17031461000,"Census Tract 4610, Cook County, Illinois",75,58
1400000US17031470100,"Census Tract 4701, Cook County, Illinois",57,59
1400000US17031480100,"Census Tract 4801, Cook County, Illinois",53,47
1400000US17031480200,"Census Tract 4802, Cook County, Illinois",19,19
1400000US17031480300,"Census Tract 4803, Cook County, Illinois",69,44
1400000US17031480400,"Census Tract 4804, Cook County, Illinois",208,121
1400000US17031480500,"Census Tract 4805, Cook County, Illinois",187,109
1400000US17031490300,"Census Tract 4903, Cook County, Illinois",97,66
1400000US17031490400,"Census Tract 4904, Cook County, Illinois",52,45
1400000US17031490500,"Census Tract 4905, Cook County, Illinois",23,26
1400000US17031490600,"Census Tract 4906, Cook County, Illinois",28,40
1400000US17031490700,"Census Tract 4907, Cook County, Illinois",91,69
1400000US17031490800,"Census Tract 4908, Cook County, Illinois",166,91
1400000US17031490901,"Census Tract 4909.01, Cook County, Illinois",57,52
1400000US17031490902,"Census Tract 4909.02, Cook County, Illinois",112,94
1400000US17031491000,"Census Tract 4910, Cook County, Illinois",135,89
1400000US17031491100,"Census Tract 4911, Cook County, Illinois",66,57
1400000US17031491200,"Census Tract 4912, Cook County, Illinois",50,58
1400000US17031491300,"Census Tract 4913, Cook County, Illinois",47,39
1400000US17031491400,"Census Tract 4914, Cook County, Illinois",63,68
1400000US17031500100,"Census Tract 5001, Cook County, Illinois",94,75
1400000US17031500200,"Census Tract 5002, Cook County, Illinois",60,46
1400000US17031500300,"Census Tract 5003, Cook County, Illinois",73,50
1400000US17031510100,"Census Tract 5101, Cook County, Illinois",91,65
1400000US17031510200,"Census Tract 5102, Cook County, Illinois",64,40
1400000US17031510300,"Census Tract 5103, Cook County, Illinois",72,58
1400000US17031520100,"Census Tract 5201, Cook County, Illinois",87,40
1400000US17031520200,"Census Tract 5202, Cook County, Illinois",106,86
1400000US17031520300,"Census Tract 5203, Cook County, Illinois",201,107
1400000US17031520400,"Census Tract 5204, Cook County, Illinois",161,74
1400000US17031520500,"Census Tract 5205, Cook County, Illinois",213,113
1400000US17031520600,"Census Tract 5206, Cook County, Illinois",45,45
1400000US17031530100,"Census Tract 5301, Cook County, Illinois",93,92
1400000US17031530200,"Census Tract 5302, Cook County, Illinois",125,82
1400000US17031530300,"Census Tract 5303, Cook County, Illinois",149,109
1400000US17031530400,"Census Tract 5304, Cook County, Illinois",0,11
1400000US17031530501,"Census Tract 5305.01, Cook County, Illinois",112,77
1400000US17031530502,"Census Tract 5305.02, Cook County, Illinois",46,35
1400000US17031530503,"Census Tract 5305.03, Cook County, Illinois",144,89
1400000US17031530600,"Census Tract 5306, Cook County, Illinois",34,45
1400000US17031540101,"Census Tract 5401.01, Cook County, Illinois",93,57
1400000US17031540102,"Census Tract 5401.02, Cook County, Illinois",83,82
1400000US17031550100,"Census Tract 5501, Cook County, Illinois",389,175
1400000US17031550200,"Census Tract 5502, Cook County, Illinois",62,47
1400000US17031560100,"Census Tract 5601, Cook County, Illinois",79,33
1400000US17031560200,"Census Tract 5602, Cook County, Illinois",61,47
1400000US17031560300,"Census Tract 5603, Cook County, Illinois",236,108
1400000US17031560400,"Census Tract 5604, Cook County, Illinois",69,47
1400000US17031560700,"Census Tract 5607, Cook County, Illinois",113,63
1400000US17031560800,"Census Tract 5608, Cook County, Illinois",61,68
1400000US17031560900,"Census Tract 5609, Cook County, Illinois",190,94
1400000US17031561000,"Census Tract 5610, Cook County, Illinois",173,104
1400000US17031561100,"Census Tract 5611, Cook County, Illinois",342,158
1400000US17031570100,"Census Tract 5701, Cook County, Illinois",92,43
1400000US17031570200,"Census Tract 5702, Cook County, Illinois",72,37
1400000US17031570300,"Census Tract 5703, Cook County, Illinois",307,119
1400000US17031570400,"Census Tract 5704, Cook County, Illinois",80,51
1400000US17031570500,"Census Tract 5705, Cook County, Illinois",157,59
1400000US17031580100,"Census Tract 5801, Cook County, Illinois",237,90
1400000US17031580200,"Census Tract 5802, Cook County, Illinois",284,104
1400000US17031580300,"Census Tract 5803, Cook County, Illinois",239,92
1400000US17031580400,"Census Tract 5804, Cook County, Illinois",236,96
1400000US17031580501,"Census Tract 5805.01, Cook County, Illinois",401,165
1400000US17031580502,"Census Tract 5805.02, Cook County, Illinois",455,121
1400000US17031580600,"Census Tract 5806, Cook County, Illinois",323,127
1400000US17031580700,"Census Tract 5807, Cook County, Illinois",367,175
1400000US17031580800,"Census Tract 5808, Cook County, Illinois",189,95
1400000US17031590500,"Census Tract 5905, Cook County, Illinois",197,83
1400000US17031590600,"Census Tract 5906, Cook County, Illinois",191,80
1400000US17031590700,"Census Tract 5907, Cook County, Illinois",362,158
1400000US17031600400,"Census Tract 6004, Cook County, Illinois",603,158
1400000US17031600600,"Census Tract 6006, Cook County, Illinois",429,120
1400000US17031600700,"Census Tract 6007, Cook County, Illinois",261,92
1400000US17031600900,"Census Tract 6009, Cook County, Illinois",521,207
1400000US17031610300,"Census Tract 6103, Cook County, Illinois",475,190
1400000US17031610400,"Census Tract 6104, Cook County, Illinois",116,64
1400000US17031610800,"Census Tract 6108, Cook County, Illinois",40,31
1400000US17031611000,"Census Tract 6110, Cook County, Illinois",60,34
1400000US17031611100,"Census Tract 6111, Cook County, Illinois",146,79
1400000US17031611200,"Census Tract 6112, Cook County, Illinois",117,57
1400000US17031611300,"Census Tract 6113, Cook County, Illinois",117,55
1400000US17031611400,"Census Tract 6114, Cook County, Illinois",199,90
1400000US17031611500,"Census Tract 6115, Cook County, Illinois",155,96
1400000US17031611600,"Census Tract 6116, Cook County, Illinois",55,49
1400000US17031611700,"Census Tract 6117, Cook County, Illinois",93,51
1400000US17031611800,"Census Tract 6118, Cook County, Illinois",257,134
1400000US17031611900,"Census Tract 6119, Cook County, Illinois",45,41
1400000US17031612000,"Census Tract 6120, Cook County, Illinois",29,25
1400000US17031612100,"Census Tract 6121, Cook County, Illinois",59,53
1400000US17031620100,"Census Tract 6201, Cook County, Illinois",303,156
1400000US17031620200,"Census Tract 6202, Cook County, Illinois",151,63
1400000US17031620300,"Census Tract 6203, Cook County, Illinois",439,181
1400000US17031620400,"Census Tract 6204, Cook County, Illinois",252,115
1400000US17031630100,"Census Tract 6301, Cook County, Illinois",77,40
1400000US17031630200,"Census Tract 6302, Cook County, Illinois",101,53
1400000US17031630300,"Census Tract 6303, Cook County, Illinois",495,205
1400000US17031630400,"Census Tract 6304, Cook County, Illinois",505,138
1400000US17031630500,"Census Tract 6305, Cook County, Illinois",312,103
1400000US17031630800,"Census Tract 6308, Cook County, Illinois",644,268
1400000US17031630900,"Census Tract 6309, Cook County, Illinois",299,187
1400000US17031640100,"Census Tract 6401, Cook County, Illinois",71,43
1400000US17031640300,"Census Tract 6403, Cook County, Illinois",297,182
1400000US17031640400,"Census Tract 6404, Cook County, Illinois",189,107
1400000US17031640500,"Census Tract 6405, Cook County, Illinois",206,111
1400000US17031640600,"Census Tract 6406, Cook County, Illinois",120,89
1400000US17031640700,"Census Tract 6407, Cook County, Illinois",171,105
1400000US17031640800,"Census Tract 6408, Cook County, Illinois",81,50
1400000US17031650100,"Census Tract 6501, Cook County, Illinois",335,123
1400000US17031650200,"Census Tract 6502, Cook County, Illinois",86,76
1400000US17031650301,"Census Tract 6503.01, Cook County, Illinois",267,132
1400000US17031650302,"Census Tract 6503.02, Cook County, Illinois",318,151
1400000US17031650400,"Census Tract 6504, Cook County, Illinois",369,128
1400000US17031650500,"Census Tract 6505, Cook County, Illinois",149,112
1400000US17031660301,"Census Tract 6603.01, Cook County, Illinois",114,59
1400000US17031660302,"Census Tract 6603.02, Cook County, Illinois",345,124
1400000US17031660400,"Census Tract 6604, Cook County, Illinois",383,183
1400000US17031660500,"Census Tract 6605, Cook County, Illinois",332,154
1400000US17031660600,"Census Tract 6606, Cook County, Illinois",167,96
1400000US17031660700,"Census Tract 6607, Cook County, Illinois",48,37
1400000US17031660800,"Census Tract 6608, Cook County, Illinois",361,170
1400000US17031660900,"Census Tract 6609, Cook County, Illinois",117,101
1400000US17031661000,"Census Tract 6610, Cook County, Illinois",58,51
1400000US17031661100,"Census Tract 6611, Cook County, Illinois",461,230
1400000US17031670100,"Census Tract 6701, Cook County, Illinois",53,42
1400000US17031670200,"Census Tract 6702, Cook County, Illinois",4,7
1400000US17031670300,"Census Tract 6703, Cook County, Illinois",57,41
1400000US17031670400,"Census Tract 6704, Cook County, Illinois",74,54
1400000US17031670500,"Census Tract 6705, Cook County, Illinois",35,30
1400000US17031670600,"Census Tract 6706, Cook County, Illinois",27,27
1400000US17031670700,"Census Tract 6707, Cook County, Illinois",13,19
1400000US17031670800,"Census Tract 6708, Cook County, Illinois",44,28
1400000US17031670900,"Census Tract 6709, Cook County, Illinois",61,27
1400000US17031671100,"Census Tract 6711, Cook County, Illinois",12,17
1400000US17031671200,"Census Tract 6712, Cook County, Illinois",36,31
1400000US17031671300,"Census Tract 6713, Cook County, Illinois",28,30
1400000US17031671400,"Census Tract 6714, Cook County, Illinois",12,14
1400000US17031671500,"Census Tract 6715, Cook County, Illinois",128,70
1400000US17031671600,"Census Tract 6716, Cook County, Illinois",24,24
1400000US17031671800,"Census Tract 6718, Cook County, Illinois",29,36
1400000US17031671900,"Census Tract 6719, Cook County, Illinois",45,43
1400000US17031672000,"Census Tract 6720, Cook County, Illinois",76,55
1400000US17031680500,"Census Tract 6805, Cook County, Illinois",56,37
1400000US17031680600,"Census Tract 6806, Cook County, Illinois",43,39
1400000US17031680900,"Census Tract 6809, Cook County, Illinois",92,83
1400000US17031681000,"Census Tract 6810, Cook County, Illinois",100,82
1400000US17031681100,"Census Tract 6811, Cook County, Illinois",111,111
1400000US17031681200,"Census Tract 6812, Cook County, Illinois",97,54
1400000US17031681300,"Census Tract 6813, Cook County, Illinois",121,62
1400000US17031681400,"Census Tract 6814, Cook County, Illinois",111,82
1400000US17031690300,"Census Tract 6903, Cook County, Illinois",132,68
1400000US17031690400,"Census Tract 6904, Cook County, Illinois",320,148
1400000US17031690500,"Census Tract 6905, Cook County, Illinois",0,11
1400000US17031690900,"Census Tract 6909, Cook County, Illinois",259,127
1400000US17031691000,"Census Tract 6910, Cook County, Illinois",91,81
1400000US17031691100,"Census Tract 6911, Cook County, Illinois",79,77
1400000US17031691200,"Census Tract 6912, Cook County, Illinois",161,133
1400000US17031691300,"Census Tract 6913, Cook County, Illinois",58,47
1400000US17031691400,"Census Tract 6914, Cook County, Illinois",173,122
1400000US17031691500,"Census Tract 6915, Cook County, Illinois",12,17
1400000US17031700100,"Census Tract 7001, Cook County, Illinois",51,40
1400000US17031700200,"Census Tract 7002, Cook County, Illinois",269,121
1400000US17031700301,"Census Tract 7003.01, Cook County, Illinois",312,109
1400000US17031700302,"Census Tract 7003.02, Cook County, Illinois",127,82
1400000US17031700401,"Census Tract 7004.01, Cook County, Illinois",298,139
1400000US17031700402,"Census Tract 7004.02, Cook County, Illinois",123,88
1400000US17031700501,"Census Tract 7005.01, Cook County, Illinois",365,276
1400000US17031700502,"Census Tract 7005.02, Cook County, Illinois",167,138
1400000US17031710100,"Census Tract 7101, Cook County, Illinois",53,34
1400000US17031710200,"Census Tract 7102, Cook County, Illinois",123,93
1400000US17031710300,"Census Tract 7103, Cook County, Illinois",68,39
1400000US17031710400,"Census Tract 7104, Cook County, Illinois",111,74
1400000US17031710500,"Census Tract 7105, Cook County, Illinois",174,84
1400000US17031710600,"Census Tract 7106, Cook County, Illinois",67,46
1400000US17031710700,"Census Tract 7107, Cook County, Illinois",39,45
1400000US17031710800,"Census Tract 7108, Cook County, Illinois",125,121
1400000US17031710900,"Census Tract 7109, Cook County, Illinois",81,44
1400000US17031711000,"Census Tract 7110, Cook County, Illinois",44,53
1400000US17031711100,"Census Tract 7111, Cook County, Illinois",43,44
1400000US17031711200,"Census Tract 7112, Cook County, Illinois",235,121
1400000US17031711300,"Census Tract 7113, Cook County, Illinois",29,31
1400000US17031711400,"Census Tract 7114, Cook County, Illinois",80,52
1400000US17031711500,"Census Tract 7115, Cook County, Illinois",133,63
1400000US17031720100,"Census Tract 7201, Cook County, Illinois",88,70
1400000US17031720200,"Census Tract 7202, Cook County, Illinois",159,96
1400000US17031720300,"Census Tract 7203, Cook County, Illinois",163,80
1400000US17031720400,"Census Tract 7204, Cook County, Illinois",73,45
1400000US17031720500,"Census Tract 7205, Cook County, Illinois",88,44
1400000US17031720600,"Census Tract 7206, Cook County, Illinois",39,23
1400000US17031720700,"Census Tract 7207, Cook County, Illinois",135,67
1400000US17031730100,"Census Tract 7301, Cook County, Illinois",55,40
1400000US17031730201,"Census Tract 7302.01, Cook County, Illinois",353,205
1400000US17031730202,"Census Tract 7302.02, Cook County, Illinois",60,73
1400000US17031730300,"Census Tract 7303, Cook County, Illinois",17,19
1400000US17031730400,"Census Tract 7304, Cook County, Illinois",203,131
1400000US17031730500,"Census Tract 7305, Cook County, Illinois",86,83
1400000US17031730600,"Census Tract 7306, Cook County, Illinois",90,87
1400000US17031730700,"Census Tract 7307, Cook County, Illinois",71,44
1400000US17031740100,"Census Tract 7401, Cook County, Illinois",141,80
1400000US17031740200,"Census Tract 7402, Cook County, Illinois",214,83
1400000US17031740300,"Census Tract 7403, Cook County, Illinois",191,100
1400000US17031740400,"Census Tract 7404, Cook County, Illinois",153,65
1400000US17031750100,"Census Tract 7501, Cook County, Illinois",152,89
1400000US17031750200,"Census Tract 7502, Cook County, Illinois",0,11
1400000US17031750300,"Census Tract 7503, Cook County, Illinois",55,34
1400000US17031750400,"Census Tract 7504, Cook County, Illinois",58,38
1400000US17031750500,"Census Tract 7505, Cook County, Illinois",87,92
1400000US17031750600,"Census Tract 7506, Cook County, Illinois",17,30
1400000US17031760801,"Census Tract 7608.01, Cook County, Illinois",294,166
1400000US17031760802,"Census Tract 7608.02, Cook County, Illinois",27,41
1400000US17031760803,"Census Tract 7608.03, Cook County, Illinois",247,116
1400000US17031770201,"Census Tract 7702.01, Cook County, Illinois",204,107
1400000US17031770202,"Census Tract 7702.02, Cook County, Illinois",153,76
1400000US17031770300,"Census Tract 7703, Cook County, Illinois",120,77
1400000US17031770400,"Census Tract 7704, Cook County, Illinois",203,89
1400000US17031770500,"Census Tract 7705, Cook County, Illinois",421,229
1400000US17031770601,"Census Tract 7706.01, Cook County, Illinois",86,44
1400000US17031770602,"Census Tract 7706.02, Cook County, Illinois",297,140
1400000US17031770700,"Census Tract 7707, Cook County, Illinois",223,122
1400000US17031770800,"Census Tract 7708, Cook County, Illinois",378,171
1400000US17031770901,"Census Tract 7709.01, Cook County, Illinois",150,64
1400000US17031770902,"Census Tract 7709.02, Cook County, Illinois",85,60
1400000US17031800100,"Census Tract 8001, Cook County, Illinois",44,29
1400000US17031800200,"Census Tract 8002, Cook County, Illinois",89,70
1400000US17031800300,"Census Tract 8003, Cook County, Illinois",83,60
1400000US17031800400,"Census Tract 8004, Cook County, Illinois",69,38
1400000US17031800500,"Census Tract 8005, Cook County, Illinois",66,40
1400000US17031800600,"Census Tract 8006, Cook County, Illinois",36,36
1400000US17031800700,"Census Tract 8007, Cook County, Illinois",109,84
1400000US17031800800,"Census Tract 8008, Cook County, Illinois",59,34
1400000US17031800900,"Census Tract 8009, Cook County, Illinois",153,65
1400000US17031801000,"Census Tract 8010, Cook County, Illinois",198,71
1400000US17031801100,"Census Tract 8011, Cook County, Illinois",85,39
1400000US17031801200,"Census Tract 8012, Cook County, Illinois",54,34
1400000US17031801300,"Census Tract 8013, Cook County, Illinois",108,50
1400000US17031801400,"Census Tract 8014, Cook County, Illinois",98,56
1400000US17031801500,"Census Tract 8015, Cook County, Illinois",134,77
1400000US17031801601,"Census Tract 8016.01, Cook County, Illinois",125,63
1400000US17031801603,"Census Tract 8016.03, Cook County, Illinois",135,92
1400000US17031801605,"Census Tract 8016.05, Cook County, Illinois",133,78
1400000US17031801606,"Census Tract 8016.06, Cook County, Illinois",141,100
1400000US17031801607,"Census Tract 8016.07, Cook County, Illinois",124,63
1400000US17031801608,"Census Tract 8016.08, Cook County, Illinois",134,78
1400000US17031801701,"Census Tract 8017.01, Cook County, Illinois",77,40
1400000US17031801702,"Census Tract 8017.02, Cook County, Illinois",105,65
1400000US17031801800,"Census Tract 8018, Cook County, Illinois",64,65
1400000US17031801901,"Census Tract 8019.01, Cook County, Illinois",190,113
1400000US17031801902,"Census Tract 8019.02, Cook County, Illinois",122,58
1400000US17031802002,"Census Tract 8020.02, Cook County, Illinois",199,94
1400000US17031802003,"Census Tract 8020.03, Cook County, Illinois",89,44
1400000US17031802004,"Census Tract 8020.04, Cook County, Illinois",27,33
1400000US17031802100,"Census Tract 8021, Cook County, Illinois",70,59
1400000US17031802200,"Census Tract 8022, Cook County, Illinois",93,50
1400000US17031802300,"Census Tract 8023, Cook County, Illinois",98,66
1400000US17031802402,"Census Tract 8024.02, Cook County, Illinois",410,130
1400000US17031802403,"Census Tract 8024.03, Cook County, Illinois",94,38
1400000US17031802404,"Census Tract 8024.04, Cook County, Illinois",593,227
1400000US17031802503,"Census Tract 8025.03, Cook County, Illinois",237,123
1400000US17031802504,"Census Tract 8025.04, Cook County, Illinois",529,174
1400000US17031802505,"Census Tract 8025.05, Cook County, Illinois",460,176
1400000US17031802506,"Census Tract 8025.06, Cook County, Illinois",211,58
1400000US17031802605,"Census Tract 8026.05, Cook County, Illinois",215,96
1400000US17031802607,"Census Tract 8026.07, Cook County, Illinois",16,14
1400000US17031802608,"Census Tract 8026.08, Cook County, Illinois",161,102
1400000US17031802609,"Census Tract 8026.09, Cook County, Illinois",635,315
1400000US17031802610,"Census Tract 8026.10, Cook County, Illinois",70,29
1400000US17031802701,"Census Tract 8027.01, Cook County, Illinois",655,330
1400000US17031802702,"Census Tract 8027.02, Cook County, Illinois",156,69
1400000US17031802801,"Census Tract 8028.01, Cook County, Illinois",161,57
1400000US17031802802,"Census Tract 8028.02, Cook County, Illinois",263,112
1400000US17031802900,"Census Tract 8029, Cook County, Illinois",165,134
1400000US17031803005,"Census Tract 8030.05, Cook County, Illinois",118,97
1400000US17031803007,"Census Tract 8030.07, Cook County, Illinois",250,131
1400000US17031803008,"Census Tract 8030.08, Cook County, Illinois",98,42
1400000US17031803010,"Census Tract 8030.10, Cook County, Illinois",166,68
1400000US17031803012,"Census Tract 8030.12, Cook County, Illinois",165,81
1400000US17031803013,"Census Tract 8030.13, Cook County, Illinois",48,42
1400000US17031803014,"Census Tract 8030.14, Cook County, Illinois",134,59
1400000US17031803015,"Census Tract 8030.15, Cook County, Illinois",189,77
1400000US17031803016,"Census Tract 8030.16, Cook County, Illinois",59,29
1400000US17031803017,"Census Tract 8030.17, Cook County, Illinois",245,136
1400000US17031803100,"Census Tract 8031, Cook County, Illinois",111,60
1400000US17031803200,"Census Tract 8032, Cook County, Illinois",180,115
1400000US17031803300,"Census Tract 8033, Cook County, Illinois",396,172
1400000US17031803400,"Census Tract 8034, Cook County, Illinois",175,94
1400000US17031803500,"Census Tract 8035, Cook County, Illinois",199,113
1400000US17031803603,"Census Tract 8036.03, Cook County, Illinois",260,114
1400000US17031803604,"Census Tract 8036.04, Cook County, Illinois",191,85
1400000US17031803605,"Census Tract 8036.05, Cook County, Illinois",365,223
1400000US17031803606,"Census Tract 8036.06, Cook County, Illinois",838,288
1400000US17031803607,"Census Tract 8036.07, Cook County, Illinois",168,60
1400000US17031803608,"Census Tract 8036.08, Cook County, Illinois",254,121
1400000US17031803610,"Census Tract 8036.10, Cook County, Illinois",345,112
1400000US17031803611,"Census Tract 8036.11, Cook County, Illinois",419,190
1400000US17031803612,"Census Tract 8036.12, Cook County, Illinois",209,96
1400000US17031803701,"Census Tract 8037.01, Cook County, Illinois",122,83
1400000US17031803702,"Census Tract 8037.02, Cook County, Illinois",250,93
1400000US17031803800,"Census Tract 8038, Cook County, Illinois",225,103
1400000US17031803901,"Census Tract 8039.01, Cook County, Illinois",100,50
1400000US17031803902,"Census Tract 8039.02, Cook County, Illinois",130,61
1400000US17031804000,"Census Tract 8040, Cook County, Illinois",231,132
1400000US17031804102,"Census Tract 8041.02, Cook County, Illinois",234,122
1400000US17031804104,"Census Tract 8041.04, Cook County, Illinois",143,88
1400000US17031804105,"Census Tract 8041.05, Cook County, Illinois",139,61
1400000US17031804106,"Census Tract 8041.06, Cook County, Illinois",408,129
1400000US17031804108,"Census Tract 8041.08, Cook County, Illinois",189,75
1400000US17031804109,"Census Tract 8041.09, Cook County, Illinois",103,61
1400000US17031804201,"Census Tract 8042.01, Cook County, Illinois",138,87
1400000US17031804202,"Census Tract 8042.02, Cook County, Illinois",216,100
1400000US17031804305,"Census Tract 8043.05, Cook County, Illinois",446,164
1400000US17031804306,"Census Tract 8043.06, Cook County, Illinois",313,108
1400000US17031804308,"Census Tract 8043.08, Cook County, Illinois",466,413
1400000US17031804309,"Census Tract 8043.09, Cook County, Illinois",104,49
1400000US17031804310,"Census Tract 8043.10, Cook County, Illinois",322,193
1400000US17031804311,"Census Tract 8043.11, Cook County, Illinois",679,341
1400000US17031804403,"Census Tract 8044.03, Cook County, Illinois",209,170
1400000US17031804404,"Census Tract 8044.04, Cook County, Illinois",140,68
1400000US17031804405,"Census Tract 8044.05, Cook County, Illinois",66,59
1400000US17031804406,"Census Tract 8044.06, Cook County, Illinois",348,120
1400000US17031804505,"Census Tract 8045.05, Cook County, Illinois",109,62
1400000US17031804506,"Census Tract 8045.06, Cook County, Illinois",175,110
1400000US17031804507,"Census Tract 8045.07, Cook County, Illinois",388,203
1400000US17031804508,"Census Tract 8045.08, Cook County, Illinois",161,84
1400000US17031804509,"Census Tract 8045.09, Cook County, Illinois",314,149
1400000US17031804510,"Census Tract 8045.10, Cook County, Illinois",298,131
1400000US17031804511,"Census Tract 8045.11, Cook County, Illinois",82,39
1400000US17031804603,"Census Tract 8046.03, Cook County, Illinois",441,235
1400000US17031804606,"Census Tract 8046.06, Cook County, Illinois",135,77
1400000US17031804607,"Census Tract 8046.07, Cook County, Illinois",65,43
1400000US17031804608,"Census Tract 8046.08, Cook County, Illinois",113,45
1400000US17031804609,"Census Tract 8046.09, Cook County, Illinois",197,132
1400000US17031804610,"Census Tract 8046.10, Cook County, Illinois",81,47
1400000US17031804611,"Census Tract 8046.11, Cook County, Illinois",151,80
1400000US17031804701,"Census Tract 8047.01, Cook County, Illinois",436,274
1400000US17031804705,"Census Tract 8047.05, Cook County, Illinois",242,80
1400000US17031804706,"Census Tract 8047.06, Cook County, Illinois",136,73
1400000US17031804709,"Census Tract 8047.09, Cook County, Illinois",355,132
1400000US17031804710,"Census Tract 8047.10, Cook County, Illinois",255,93
1400000US17031804711,"Census Tract 8047.11, Cook County, Illinois",482,194
1400000US17031804712,"Census Tract 8047.12, Cook County, Illinois",155,69
1400000US17031804713,"Census Tract 8047.13, Cook County, Illinois",263,139
1400000US17031804714,"Census Tract 8047.14, Cook County, Illinois",169,77
1400000US17031804715,"Census Tract 8047.15, Cook County, Illinois",224,102
1400000US17031804716,"Census Tract 8047.16, Cook County, Illinois",191,81
1400000US17031804803,"Census Tract 8048.03, Cook County, Illinois",203,105
1400000US17031804804,"Census Tract 8048.04, Cook County, Illinois",228,125
1400000US17031804805,"Census Tract 8048.05, Cook County, Illinois",108,68
1400000US17031804806,"Census Tract 8048.06, Cook County, Illinois",394,149
1400000US17031804807,"Census Tract 8048.07, Cook County, Illinois",266,119
1400000US17031804808,"Census Tract 8048.08, Cook County, Illinois",188,81
1400000US17031804809,"Census Tract 8048.09, Cook County, Illinois",144,77
1400000US17031804810,"Census Tract 8048.10, Cook County, Illinois",247,103
1400000US17031804901,"Census Tract 8049.01, Cook County, Illinois",225,113
1400000US17031804902,"Census Tract 8049.02, Cook County, Illinois",105,84
1400000US17031805001,"Census Tract 8050.01, Cook County, Illinois",218,115
1400000US17031805002,"Census Tract 8050.02, Cook County, Illinois",455,179
1400000US17031805105,"Census Tract 8051.05, Cook County, Illinois",1158,466
1400000US17031805106,"Census Tract 8051.06, Cook County, Illinois",74,42
1400000US17031805107,"Census Tract 8051.07, Cook County, Illinois",432,243
1400000US17031805108,"Census Tract 8051.08, Cook County, Illinois",433,211
1400000US17031805109,"Census Tract 8051.09, Cook County, Illinois",151,56
1400000US17031805110,"Census Tract 8051.10, Cook County, Illinois",185,123
1400000US17031805111,"Census Tract 8051.11, Cook County, Illinois",576,269
1400000US17031805112,"Census Tract 8051.12, Cook County, Illinois",137,73
1400000US17031805201,"Census Tract 8052.01, Cook County, Illinois",71,39
1400000US17031805202,"Census Tract 8052.02, Cook County, Illinois",166,61
1400000US17031805301,"Census Tract 8053.01, Cook County, Illinois",89,104
1400000US17031805302,"Census Tract 8053.02, Cook County, Illinois",133,67
1400000US17031805401,"Census Tract 8054.01, Cook County, Illinois",241,141
1400000US17031805402,"Census Tract 8054.02, Cook County, Illinois",247,112
1400000US17031805501,"Census Tract 8055.01, Cook County, Illinois",201,108
1400000US17031805502,"Census Tract 8055.02, Cook County, Illinois",98,55
1400000US17031805600,"Census Tract 8056, Cook County, Illinois",149,65
1400000US17031805701,"Census Tract 8057.01, Cook County, Illinois",130,58
1400000US17031805702,"Census Tract 8057.02, Cook County, Illinois",66,24
1400000US17031805801,"Census Tract 8058.01, Cook County, Illinois",133,57
1400000US17031805802,"Census Tract 8058.02, Cook County, Illinois",106,57
1400000US17031805901,"Census Tract 8059.01, Cook County, Illinois",252,86
1400000US17031805902,"Census Tract 8059.02, Cook County, Illinois",150,96
1400000US17031806001,"Census Tract 8060.01, Cook County, Illinois",249,159
1400000US17031806002,"Census Tract 8060.02, Cook County, Illinois",269,194
1400000US17031806003,"Census Tract 8060.03, Cook County, Illinois",429,263
1400000US17031806004,"Census Tract 8060.04, Cook County, Illinois",316,171
1400000US17031806102,"Census Tract 8061.02, Cook County, Illinois",138,71
1400000US17031806103,"Census Tract 8061.03, Cook County, Illinois",230,156
1400000US17031806104,"Census Tract 8061.04, Cook County, Illinois",227,164
1400000US17031806201,"Census Tract 8062.01, Cook County, Illinois",202,119
1400000US17031806202,"Census Tract 8062.02, Cook County, Illinois",85,61
1400000US17031806300,"Census Tract 8063, Cook County, Illinois",159,80
1400000US17031806400,"Census Tract 8064, Cook County, Illinois",106,35
1400000US17031806501,"Census Tract 8065.01, Cook County, Illinois",77,49
1400000US17031806502,"Census Tract 8065.02, Cook County, Illinois",283,99
1400000US17031806600,"Census Tract 8066, Cook County, Illinois",232,91
1400000US17031806700,"Census Tract 8067, Cook County, Illinois",94,41
1400000US17031806801,"Census Tract 8068.01, Cook County, Illinois",94,60
1400000US17031806802,"Census Tract 8068.02, Cook County, Illinois",112,78
1400000US17031806900,"Census Tract 8069, Cook County, Illinois",157,117
1400000US17031807000,"Census Tract 8070, Cook County, Illinois",378,187
1400000US17031807100,"Census Tract 8071, Cook County, Illinois",71,44
1400000US17031807200,"Census Tract 8072, Cook County, Illinois",195,86
1400000US17031807300,"Census Tract 8073, Cook County, Illinois",249,129
1400000US17031807400,"Census Tract 8074, Cook County, Illinois",205,99
1400000US17031807500,"Census Tract 8075, Cook County, Illinois",152,72
1400000US17031807600,"Census Tract 8076, Cook County, Illinois",403,159
1400000US17031807700,"Census Tract 8077, Cook County, Illinois",173,97
1400000US17031807800,"Census Tract 8078, Cook County, Illinois",49,37
1400000US17031807900,"Census Tract 8079, Cook County, Illinois",139,83
1400000US17031808001,"Census Tract 8080.01, Cook County, Illinois",104,77
1400000US17031808002,"Census Tract 8080.02, Cook County, Illinois",111,47
1400000US17031808100,"Census Tract 8081, Cook County, Illinois",83,61
1400000US17031808200,"Census Tract 8082, Cook County, Illinois",236,93
1400000US17031808301,"Census Tract 8083.01, Cook County, Illinois",230,158
1400000US17031808302,"Census Tract 8083.02, Cook County, Illinois",170,85
1400000US17031808400,"Census Tract 8084, Cook County, Illinois",161,75
1400000US17031808500,"Census Tract 8085, Cook County, Illinois",179,68
1400000US17031808600,"Census Tract 8086, Cook County, Illinois",104,68
1400000US17031808702,"Census Tract 8087.02, Cook County, Illinois",206,76
1400000US17031808800,"Census Tract 8088, Cook County, Illinois",140,74
1400000US17031808900,"Census Tract 8089, Cook County, Illinois",75,38
1400000US17031809000,"Census Tract 8090, Cook County, Illinois",47,35
1400000US17031809100,"Census Tract 8091, Cook County, Illinois",90,46
1400000US17031809200,"Census Tract 8092, Cook County, Illinois",213,121
1400000US17031809300,"Census Tract 8093, Cook County, Illinois",118,67
1400000US17031809400,"Census Tract 8094, Cook County, Illinois",152,82
1400000US17031809500,"Census Tract 8095, Cook County, Illinois",89,50
1400000US17031809600,"Census Tract 8096, Cook County, Illinois",192,83
1400000US17031809700,"Census Tract 8097, Cook County, Illinois",95,55
1400000US17031809800,"Census Tract 8098, Cook County, Illinois",113,48
1400000US17031809900,"Census Tract 8099, Cook County, Illinois",95,66
1400000US17031810000,"Census Tract 8100, Cook County, Illinois",143,77
1400000US17031810100,"Census Tract 8101, Cook County, Illinois",241,109
1400000US17031810200,"Census Tract 8102, Cook County, Illinois",598,285
1400000US17031810301,"Census Tract 8103.01, Cook County, Illinois",151,80
1400000US17031810302,"Census Tract 8103.02, Cook County, Illinois",205,109
1400000US17031810400,"Census Tract 8104, Cook County, Illinois",284,89
1400000US17031810501,"Census Tract 8105.01, Cook County, Illinois",106,60
1400000US17031810502,"Census Tract 8105.02, Cook County, Illinois",129,60
1400000US17031810600,"Census Tract 8106, Cook County, Illinois",178,81
1400000US17031810701,"Census Tract 8107.01, Cook County, Illinois",68,49
1400000US17031810702,"Census Tract 8107.02, Cook County, Illinois",204,103
1400000US17031810800,"Census Tract 8108, Cook County, Illinois",271,110
1400000US17031810900,"Census Tract 8109, Cook County, Illinois",308,139
1400000US17031811000,"Census Tract 8110, Cook County, Illinois",145,64
1400000US17031811100,"Census Tract 8111, Cook County, Illinois",306,140
1400000US17031811200,"Census Tract 8112, Cook County, Illinois",144,69
1400000US17031811301,"Census Tract 8113.01, Cook County, Illinois",200,100
1400000US17031811302,"Census Tract 8113.02, Cook County, Illinois",173,88
1400000US17031811401,"Census Tract 8114.01, Cook County, Illinois",103,65
1400000US17031811402,"Census Tract 8114.02, Cook County, Illinois",166,82
1400000US17031811500,"Census Tract 8115, Cook County, Illinois",297,104
1400000US17031811600,"Census Tract 8116, Cook County, Illinois",232,171
1400000US17031811701,"Census Tract 8117.01, Cook County, Illinois",319,147
1400000US17031811702,"Census Tract 8117.02, Cook County, Illinois",218,122
1400000US17031811800,"Census Tract 8118, Cook County, Illinois",122,63
1400000US17031811900,"Census Tract 8119, Cook County, Illinois",227,88
1400000US17031812000,"Census Tract 8120, Cook County, Illinois",158,87
1400000US17031812100,"Census Tract 8121, Cook County, Illinois",182,86
1400000US17031812200,"Census Tract 8122, Cook County, Illinois",94,42
1400000US17031812301,"Census Tract 8123.01, Cook County, Illinois",186,106
1400000US17031812302,"Census Tract 8123.02, Cook County, Illinois",69,40
1400000US17031812400,"Census Tract 8124, Cook County, Illinois",73,53
1400000US17031812500,"Census Tract 8125, Cook County, Illinois",218,106
1400000US17031812600,"Census Tract 8126, Cook County, Illinois",207,97
1400000US17031812700,"Census Tract 8127, Cook County, Illinois",149,76
1400000US17031812801,"Census Tract 8128.01, Cook County, Illinois",43,38
1400000US17031812802,"Census Tract 8128.02, Cook County, Illinois",75,47
1400000US17031812900,"Census Tract 8129, Cook County, Illinois",87,49
1400000US17031813000,"Census Tract 8130, Cook County, Illinois",125,72
1400000US17031813100,"Census Tract 8131, Cook County, Illinois",176,87
1400000US17031813200,"Census Tract 8132, Cook County, Illinois",172,109
1400000US17031813301,"Census Tract 8133.01, Cook County, Illinois",245,76
1400000US17031813302,"Census Tract 8133.02, Cook County, Illinois",177,67
1400000US17031813400,"Census Tract 8134, Cook County, Illinois",576,174
1400000US17031813500,"Census Tract 8135, Cook County, Illinois",318,149
1400000US17031813600,"Census Tract 8136, Cook County, Illinois",344,141
1400000US17031813701,"Census Tract 8137.01, Cook County, Illinois",176,107
1400000US17031813702,"Census Tract 8137.02, Cook County, Illinois",256,124
1400000US17031813801,"Census Tract 8138.01, Cook County, Illinois",174,102
1400000US17031813802,"Census Tract 8138.02, Cook County, Illinois",368,133
1400000US17031813900,"Census Tract 8139, Cook County, Illinois",538,177
1400000US17031814000,"Census Tract 8140, Cook County, Illinois",194,89
1400000US17031814100,"Census Tract 8141, Cook County, Illinois",384,132
1400000US17031814200,"Census Tract 8142, Cook County, Illinois",261,126
1400000US17031814300,"Census Tract 8143, Cook County, Illinois",233,140
1400000US17031814400,"Census Tract 8144, Cook County, Illinois",455,215
1400000US17031814500,"Census Tract 8145, Cook County, Illinois",381,186
1400000US17031814600,"Census Tract 8146, Cook County, Illinois",410,165
1400000US17031814700,"Census Tract 8147, Cook County, Illinois",570,172
1400000US17031814800,"Census Tract 8148, Cook County, Illinois",246,128
1400000US17031814900,"Census Tract 8149, Cook County, Illinois",574,242
1400000US17031815000,"Census Tract 8150, Cook County, Illinois",475,156
1400000US17031815100,"Census Tract 8151, Cook County, Illinois",191,88
1400000US17031815200,"Census Tract 8152, Cook County, Illinois",258,164
1400000US17031815300,"Census Tract 8153, Cook County, Illinois",102,69
1400000US17031815400,"Census Tract 8154, Cook County, Illinois",279,121
1400000US17031815500,"Census Tract 8155, Cook County, Illinois",568,165
1400000US17031815600,"Census Tract 8156, Cook County, Illinois",202,130
1400000US17031815701,"Census Tract 8157.01, Cook County, Illinois",116,53
1400000US17031815702,"Census Tract 8157.02, Cook County, Illinois",304,143
1400000US17031815800,"Census Tract 8158, Cook County, Illinois",72,32
1400000US17031815900,"Census Tract 8159, Cook County, Illinois",136,79
1400000US17031816000,"Census Tract 8160, Cook County, Illinois",178,92
1400000US17031816100,"Census Tract 8161, Cook County, Illinois",212,114
1400000US17031816200,"Census Tract 8162, Cook County, Illinois",193,117
1400000US17031816300,"Census Tract 8163, Cook County, Illinois",175,115
1400000US17031816401,"Census Tract 8164.01, Cook County, Illinois",363,149
1400000US17031816402,"Census Tract 8164.02, Cook County, Illinois",279,108
1400000US17031816500,"Census Tract 8165, Cook County, Illinois",228,130
1400000US17031816600,"Census Tract 8166, Cook County, Illinois",213,93
1400000US17031816700,"Census Tract 8167, Cook County, Illinois",150,61
1400000US17031816800,"Census Tract 8168, Cook County, Illinois",141,67
1400000US17031816900,"Census Tract 8169, Cook County, Illinois",353,168
1400000US17031817000,"Census Tract 8170, Cook County, Illinois",219,90
1400000US17031817101,"Census Tract 8171.01, Cook County, Illinois",205,136
1400000US17031817102,"Census Tract 8171.02, Cook County, Illinois",138,112
1400000US17031817200,"Census Tract 8172, Cook County, Illinois",143,76
1400000US17031817300,"Census Tract 8173, Cook County, Illinois",117,69
1400000US17031817400,"Census Tract 8174, Cook County, Illinois",280,107
1400000US17031817500,"Census Tract 8175, Cook County, Illinois",82,52
1400000US17031817600,"Census Tract 8176, Cook County, Illinois",92,65
1400000US17031817700,"Census Tract 8177, Cook County, Illinois",101,56
1400000US17031817900,"Census Tract 8179, Cook County, Illinois",284,187
1400000US17031818000,"Census Tract 8180, Cook County, Illinois",107,57
1400000US17031818100,"Census Tract 8181, Cook County, Illinois",65,31
1400000US17031818200,"Census Tract 8182, Cook County, Illinois",150,72
1400000US17031818300,"Census Tract 8183, Cook County, Illinois",278,123
1400000US17031818401,"Census Tract 8184.01, Cook County, Illinois",153,74
1400000US17031818402,"Census Tract 8184.02, Cook County, Illinois",129,75
1400000US17031818500,"Census Tract 8185, Cook County, Illinois",180,98
1400000US17031818600,"Census Tract 8186, Cook County, Illinois",206,98
1400000US17031818700,"Census Tract 8187, Cook County, Illinois",84,50
1400000US17031818800,"Census Tract 8188, Cook County, Illinois",259,130
1400000US17031818900,"Census Tract 8189, Cook County, Illinois",235,132
1400000US17031819000,"Census Tract 8190, Cook County, Illinois",113,54
1400000US17031819100,"Census Tract 8191, Cook County, Illinois",148,71
1400000US17031819200,"Census Tract 8192, Cook County, Illinois",306,208
1400000US17031819300,"Census Tract 8193, Cook County, Illinois",137,68
1400000US17031819400,"Census Tract 8194, Cook County, Illinois",136,118
1400000US17031819500,"Census Tract 8195, Cook County, Illinois",170,84
1400000US17031819600,"Census Tract 8196, Cook County, Illinois",138,68
1400000US17031819700,"Census Tract 8197, Cook County, Illinois",107,49
1400000US17031819801,"Census Tract 8198.01, Cook County, Illinois",110,51
1400000US17031819802,"Census Tract 8198.02, Cook County, Illinois",61,32
1400000US17031819900,"Census Tract 8199, Cook County, Illinois",105,60
1400000US17031820000,"Census Tract 8200, Cook County, Illinois",53,33
1400000US17031820101,"Census Tract 8201.01, Cook County, Illinois",176,97
1400000US17031820103,"Census Tract 8201.03, Cook County, Illinois",206,117
1400000US17031820104,"Census Tract 8201.04, Cook County, Illinois",280,114
1400000US17031820201,"Census Tract 8202.01, Cook County, Illinois",250,116
1400000US17031820202,"Census Tract 8202.02, Cook County, Illinois",388,134
1400000US17031820300,"Census Tract 8203, Cook County, Illinois",341,143
1400000US17031820400,"Census Tract 8204, Cook County, Illinois",336,166
1400000US17031820501,"Census Tract 8205.01, Cook County, Illinois",136,109
1400000US17031820502,"Census Tract 8205.02, Cook County, Illinois",169,70
1400000US17031820603,"Census Tract 8206.03, Cook County, Illinois",206,125
1400000US17031820604,"Census Tract 8206.04, Cook County, Illinois",237,129
1400000US17031820605,"Census Tract 8206.05, Cook County, Illinois",217,103
1400000US17031820606,"Census Tract 8206.06, Cook County, Illinois",257,178
1400000US17031820700,"Census Tract 8207, Cook County, Illinois",314,195
1400000US17031820800,"Census Tract 8208, Cook County, Illinois",166,95
1400000US17031820901,"Census Tract 8209.01, Cook County, Illinois",288,101
1400000US17031820902,"Census Tract 8209.02, Cook County, Illinois",314,142
1400000US17031821001,"Census Tract 8210.01, Cook County, Illinois",199,123
1400000US17031821002,"Census Tract 8210.02, Cook County, Illinois",159,76
1400000US17031821101,"Census Tract 8211.01, Cook County, Illinois",161,58
1400000US17031821102,"Census Tract 8211.02, Cook County, Illinois",192,111
1400000US17031821200,"Census Tract 8212, Cook County, Illinois",264,157
1400000US17031821300,"Census Tract 8213, Cook County, Illinois",232,120
1400000US17031821401,"Census Tract 8214.01, Cook County, Illinois",98,69
1400000US17031821402,"Census Tract 8214.02, Cook County, Illinois",120,71
1400000US17031821500,"Census Tract 8215, Cook County, Illinois",23,26
1400000US17031821600,"Census Tract 8216, Cook County, Illinois",125,76
1400000US17031821700,"Census Tract 8217, Cook County, Illinois",109,62
1400000US17031821800,"Census Tract 8218, Cook County, Illinois",168,93
1400000US17031821900,"Census Tract 8219, Cook County, Illinois",269,90
1400000US17031822000,"Census Tract 8220, Cook County, Illinois",251,95
1400000US17031822101,"Census Tract 8221.01, Cook County, Illinois",230,96
1400000US17031822102,"Census Tract 8221.02, Cook County, Illinois",53,58
1400000US17031822200,"Census Tract 8222, Cook County, Illinois",124,58
1400000US17031822301,"Census Tract 8223.01, Cook County, Illinois",136,70
1400000US17031822302,"Census Tract 8223.02, Cook County, Illinois",125,64
1400000US17031822400,"Census Tract 8224, Cook County, Illinois",210,108
1400000US17031822500,"Census Tract 8225, Cook County, Illinois",171,75
1400000US17031822601,"Census Tract 8226.01, Cook County, Illinois",196,101
1400000US17031822602,"Census Tract 8226.02, Cook County, Illinois",302,137
1400000US17031822701,"Census Tract 8227.01, Cook County, Illinois",103,70
1400000US17031822702,"Census Tract 8227.02, Cook County, Illinois",78,49
1400000US17031822801,"Census Tract 8228.01, Cook County, Illinois",87,65
1400000US17031822802,"Census Tract 8228.02, Cook County, Illinois",114,65
1400000US17031822900,"Census Tract 8229, Cook County, Illinois",39,29
1400000US17031823001,"Census Tract 8230.01, Cook County, Illinois",322,137
1400000US17031823002,"Census Tract 8230.02, Cook County, Illinois",374,240
1400000US17031823101,"Census Tract 8231.01, Cook County, Illinois",165,99
1400000US17031823102,"Census Tract 8231.02, Cook County, Illinois",275,98
1400000US17031823200,"Census Tract 8232, Cook County, Illinois",176,79
1400000US17031823302,"Census Tract 8233.02, Cook County, Illinois",290,154
1400000US17031823303,"Census Tract 8233.03, Cook County, Illinois",172,69
1400000US17031823304,"Census Tract 8233.04, Cook County, Illinois",84,46
1400000US17031823400,"Census Tract 8234, Cook County, Illinois",418,172
1400000US17031823500,"Census Tract 8235, Cook County, Illinois",305,157
1400000US17031823602,"Census Tract 8236.02, Cook County, Illinois",296,132
1400000US17031823603,"Census Tract 8236.03, Cook County, Illinois",101,53
1400000US17031823604,"Census Tract 8236.04, Cook County, Illinois",185,78
1400000US17031823605,"Census Tract 8236.05, Cook County, Illinois",142,78
1400000US17031823702,"Census Tract 8237.02, Cook County, Illinois",110,76
1400000US17031823703,"Census Tract 8237.03, Cook County, Illinois",323,161
1400000US17031823704,"Census Tract 8237.04, Cook County, Illinois",133,59
1400000US17031823705,"Census Tract 8237.05, Cook County, Illinois",123,67
1400000US17031823801,"Census Tract 8238.01, Cook County, Illinois",174,111
1400000US17031823803,"Census Tract 8238.03, Cook County, Illinois",221,97
1400000US17031823805,"Census Tract 8238.05, Cook County, Illinois",88,52
1400000US17031823806,"Census Tract 8238.06, Cook County, Illinois",101,62
1400000US17031823901,"Census Tract 8239.01, Cook County, Illinois",164,81
1400000US17031823903,"Census Tract 8239.03, Cook County, Illinois",78,47
1400000US17031823904,"Census Tract 8239.04, Cook County, Illinois",90,67
1400000US17031824003,"Census Tract 8240.03, Cook County, Illinois",142,107
1400000US17031824004,"Census Tract 8240.04, Cook County, Illinois",152,99
1400000US17031824005,"Census Tract 8240.05, Cook County, Illinois",411,154
1400000US17031824006,"Census Tract 8240.06, Cook County, Illinois",206,74
1400000US17031824105,"Census Tract 8241.05, Cook County, Illinois",168,95
1400000US17031824106,"Census Tract 8241.06, Cook County, Illinois",307,143
1400000US17031824107,"Census Tract 8241.07, Cook County, Illinois",173,91
1400000US17031824108,"Census Tract 8241.08, Cook County, Illinois",370,137
1400000US17031824113,"Census Tract 8241.13, Cook County, Illinois",246,138
1400000US17031824114,"Census Tract 8241.14, Cook County, Illinois",187,104
1400000US17031824115,"Census Tract 8241.15, Cook County, Illinois",143,66
1400000US17031824116,"Census Tract 8241.16, Cook County, Illinois",491,309
1400000US17031824117,"Census Tract 8241.17, Cook County, Illinois",255,121
1400000US17031824119,"Census Tract 8241.19, Cook County, Illinois",103,66
1400000US17031824120,"Census Tract 8241.20, Cook County, Illinois",283,159
1400000US17031824121,"Census Tract 8241.21, Cook County, Illinois",99,59
1400000US17031824122,"Census Tract 8241.22, Cook County, Illinois",76,50
1400000US17031824123,"Census Tract 8241.23, Cook County, Illinois",361,156
1400000US17031824300,"Census Tract 8243, Cook County, Illinois",92,72
1400000US17031824400,"Census Tract 8244, Cook County, Illinois",65,45
1400000US17031824503,"Census Tract 8245.03, Cook County, Illinois",344,144
1400000US17031824505,"Census Tract 8245.05, Cook County, Illinois",356,183
1400000US17031824506,"Census Tract 8245.06, Cook County, Illinois",237,125
1400000US17031824507,"Census Tract 8245.07, Cook County, Illinois",230,97
1400000US17031824601,"Census Tract 8246.01, Cook County, Illinois",305,99
1400000US17031824602,"Census Tract 8246.02, Cook County, Illinois",271,146
1400000US17031824701,"Census Tract 8247.01, Cook County, Illinois",192,102
1400000US17031824702,"Census Tract 8247.02, Cook County, Illinois",254,114
1400000US17031824800,"Census Tract 8248, Cook County, Illinois",241,149
1400000US17031824900,"Census Tract 8249, Cook County, Illinois",106,62
1400000US17031825000,"Census Tract 8250, Cook County, Illinois",356,184
1400000US17031825200,"Census Tract 8252, Cook County, Illinois",98,52
1400000US17031825302,"Census Tract 8253.02, Cook County, Illinois",218,105
1400000US17031825303,"Census Tract 8253.03, Cook County, Illinois",244,101
1400000US17031825304,"Census Tract 8253.04, Cook County, Illinois",342,189
1400000US17031825400,"Census Tract 8254, Cook County, Illinois",188,100
1400000US17031825501,"Census Tract 8255.01, Cook County, Illinois",138,86
1400000US17031825503,"Census Tract 8255.03, Cook County, Illinois",146,114
1400000US17031825504,"Census Tract 8255.04, Cook County, Illinois",61,60
1400000US17031825505,"Census Tract 8255.05, Cook County, Illinois",73,65
1400000US17031825600,"Census Tract 8256, Cook County, Illinois",86,59
1400000US17031825700,"Census Tract 8257, Cook County, Illinois",179,72
1400000US17031825801,"Census Tract 8258.01, Cook County, Illinois",96,73
1400000US17031825802,"Census Tract 8258.02, Cook County, Illinois",111,85
1400000US17031825803,"Census Tract 8258.03, Cook County, Illinois",413,276
1400000US17031825900,"Census Tract 8259, Cook County, Illinois",196,104
1400000US17031826000,"Census Tract 8260, Cook County, Illinois",74,80
1400000US17031826100,"Census Tract 8261, Cook County, Illinois",415,180
1400000US17031826201,"Census Tract 8262.01, Cook County, Illinois",133,97
1400000US17031826202,"Census Tract 8262.02, Cook County, Illinois",152,88
1400000US17031826301,"Census Tract 8263.01, Cook County, Illinois",172,109
1400000US17031826303,"Census Tract 8263.03, Cook County, Illinois",164,102
1400000US17031826304,"Census Tract 8263.04, Cook County, Illinois",79,81
1400000US17031826401,"Census Tract 8264.01, Cook County, Illinois",167,84
1400000US17031826402,"Census Tract 8264.02, Cook County, Illinois",185,87
1400000US17031826500,"Census Tract 8265, Cook County, Illinois",163,97
1400000US17031826600,"Census Tract 8266, Cook County, Illinois",165,84
1400000US17031826700,"Census Tract 8267, Cook County, Illinois",19,25
1400000US17031826800,"Census Tract 8268, Cook County, Illinois",210,108
1400000US17031826901,"Census Tract 8269.01, Cook County, Illinois",134,78
1400000US17031826902,"Census Tract 8269.02, Cook County, Illinois",7,9
1400000US17031827000,"Census Tract 8270, Cook County, Illinois",185,83
1400000US17031827100,"Census Tract 8271, Cook County, Illinois",106,69
1400000US17031827200,"Census Tract 8272, Cook County, Illinois",130,73
1400000US17031827300,"Census Tract 8273, Cook County, Illinois",83,49
1400000US17031827400,"Census Tract 8274, Cook County, Illinois",177,89
1400000US17031827500,"Census Tract 8275, Cook County, Illinois",248,127
1400000US17031827600,"Census Tract 8276, Cook County, Illinois",48,43
1400000US17031827700,"Census Tract 8277, Cook County, Illinois",51,42
1400000US17031827801,"Census Tract 8278.01, Cook County, Illinois",125,107
1400000US17031827802,"Census Tract 8278.02, Cook County, Illinois",105,68
1400000US17031827804,"Census Tract 8278.04, Cook County, Illinois",44,33
1400000US17031827805,"Census Tract 8278.05, Cook County, Illinois",27,32
1400000US17031827901,"Census Tract 8279.01, Cook County, Illinois",14,16
1400000US17031827902,"Census Tract 8279.02, Cook County, Illinois",136,122
1400000US17031828000,"Census Tract 8280, Cook County, Illinois",238,118
1400000US17031828100,"Census Tract 8281, Cook County, Illinois",145,115
1400000US17031828201,"Census Tract 8282.01, Cook County, Illinois",37,25
1400000US17031828202,"Census Tract 8282.02, Cook County, Illinois",173,82
1400000US17031828300,"Census Tract 8283, Cook County, Illinois",151,65
1400000US17031828401,"Census Tract 8284.01, Cook County, Illinois",161,70
1400000US17031828402,"Census Tract 8284.02, Cook County, Illinois",178,88
1400000US17031828503,"Census Tract 8285.03, Cook County, Illinois",350,183
1400000US17031828504,"Census Tract 8285.04, Cook County, Illinois",219,120
1400000US17031828505,"Census Tract 8285.05, Cook County, Illinois",339,168
1400000US17031828506,"Census Tract 8285.06, Cook County, Illinois",218,143
1400000US17031828601,"Census Tract 8286.01, Cook County, Illinois",326,116
1400000US17031828602,"Census Tract 8286.02, Cook County, Illinois",195,88
1400000US17031828701,"Census Tract 8287.01, Cook County, Illinois",176,94
1400000US17031828702,"Census Tract 8287.02, Cook County, Illinois",225,98
1400000US17031828801,"Census Tract 8288.01, Cook County, Illinois",136,57
1400000US17031828802,"Census Tract 8288.02, Cook County, Illinois",135,68
1400000US17031828900,"Census Tract 8289, Cook County, Illinois",182,88
1400000US17031829000,"Census Tract 8290, Cook County, Illinois",0,11
1400000US17031829100,"Census Tract 8291, Cook County, Illinois",219,119
1400000US17031829200,"Census Tract 8292, Cook County, Illinois",247,117
1400000US17031829301,"Census Tract 8293.01, Cook County, Illinois",116,74
1400000US17031829302,"Census Tract 8293.02, Cook County, Illinois",352,124
1400000US17031829401,"Census Tract 8294.01, Cook County, Illinois",36,38
1400000US17031829402,"Census Tract 8294.02, Cook County, Illinois",98,59
1400000US17031829500,"Census Tract 8295, Cook County, Illinois",299,104
1400000US17031829600,"Census Tract 8296, Cook County, Illinois",70,76
1400000US17031829700,"Census Tract 8297, Cook County, Illinois",78,56
1400000US17031829800,"Census Tract 8298, Cook County, Illinois",112,75
1400000US17031829901,"Census Tract 8299.01, Cook County, Illinois",443,232
1400000US17031829902,"Census Tract 8299.02, Cook County, Illinois",100,107
1400000US17031830001,"Census Tract 8300.01, Cook County, Illinois",211,74
1400000US17031830003,"Census Tract 8300.03, Cook County, Illinois",108,114
1400000US17031830004,"Census Tract 8300.04, Cook County, Illinois",354,173
1400000US17031830005,"Census Tract 8300.05, Cook County, Illinois",45,42
1400000US17031830006,"Census Tract 8300.06, Cook County, Illinois",65,56
1400000US17031830007,"Census Tract 8300.07, Cook County, Illinois",63,53
1400000US17031830008,"Census Tract 8300.08, Cook County, Illinois",94,51
1400000US17031830100,"Census Tract 8301, Cook County, Illinois",191,163
1400000US17031830201,"Census Tract 8302.01, Cook County, Illinois",114,113
1400000US17031830202,"Census Tract 8302.02, Cook County, Illinois",39,40
1400000US17031830300,"Census Tract 8303, Cook County, Illinois",114,90
1400000US17031830400,"Census Tract 8304, Cook County, Illinois",57,44
1400000US17031830500,"Census Tract 8305, Cook County, Illinois",138,103
1400000US17031830600,"Census Tract 8306, Cook County, Illinois",482,130
1400000US17031830700,"Census Tract 8307, Cook County, Illinois",369,221
1400000US17031830800,"Census Tract 8308, Cook County, Illinois",278,117
1400000US17031830900,"Census Tract 8309, Cook County, Illinois",278,94
1400000US17031831000,"Census Tract 8310, Cook County, Illinois",131,76
1400000US17031831100,"Census Tract 8311, Cook County, Illinois",687,297
1400000US17031831200,"Census Tract 8312, Cook County, Illinois",241,175
1400000US17031831300,"Census Tract 8313, Cook County, Illinois",11,16
1400000US17031831400,"Census Tract 8314, Cook County, Illinois",63,40
1400000US17031831500,"Census Tract 8315, Cook County, Illinois",206,87
1400000US17031831600,"Census Tract 8316, Cook County, Illinois",404,180
1400000US17031831700,"Census Tract 8317, Cook County, Illinois",134,59
1400000US17031831800,"Census Tract 8318, Cook County, Illinois",242,114
1400000US17031831900,"Census Tract 8319, Cook County, Illinois",203,69
1400000US17031832000,"Census Tract 8320, Cook County, Illinois",196,88
1400000US17031832100,"Census Tract 8321, Cook County, Illinois",348,134
1400000US17031832200,"Census Tract 8322, Cook County, Illinois",223,127
1400000US17031832300,"Census Tract 8323, Cook County, Illinois",70,34
1400000US17031832400,"Census Tract 8324, Cook County, Illinois",220,99
1400000US17031832500,"Census Tract 8325, Cook County, Illinois",143,63
1400000US17031832600,"Census Tract 8326, Cook County, Illinois",96,58
1400000US17031832900,"Census Tract 8329, Cook County, Illinois",91,71
1400000US17031833000,"Census Tract 8330, Cook County, Illinois",229,102
1400000US17031833100,"Census Tract 8331, Cook County, Illinois",326,143
1400000US17031833300,"Census Tract 8333, Cook County, Illinois",233,113
1400000US17031833900,"Census Tract 8339, Cook County, Illinois",191,94
1400000US17031834000,"Census Tract 8340, Cook County, Illinois",89,67
1400000US17031834200,"Census Tract 8342, Cook County, Illinois",88,79
1400000US17031834300,"Census Tract 8343, Cook County, Illinois",123,93
1400000US17031834400,"Census Tract 8344, Cook County, Illinois",149,103
1400000US17031834500,"Census Tract 8345, Cook County, Illinois",42,28
1400000US17031834600,"Census Tract 8346, Cook County, Illinois",50,44
1400000US17031834700,"Census Tract 8347, Cook County, Illinois",73,49
1400000US17031834800,"Census Tract 8348, Cook County, Illinois",100,71
1400000US17031834900,"Census Tract 8349, Cook County, Illinois",88,59
1400000US17031835000,"Census Tract 8350, Cook County, Illinois",312,189
1400000US17031835100,"Census Tract 8351, Cook County, Illinois",255,170
1400000US17031835200,"Census Tract 8352, Cook County, Illinois",139,51
1400000US17031835500,"Census Tract 8355, Cook County, Illinois",36,30
1400000US17031835600,"Census Tract 8356, Cook County, Illinois",23,28
1400000US17031835700,"Census Tract 8357, Cook County, Illinois",0,11
1400000US17031835800,"Census Tract 8358, Cook County, Illinois",39,34
1400000US17031835900,"Census Tract 8359, Cook County, Illinois",35,44
1400000US17031836000,"Census Tract 8360, Cook County, Illinois",62,48
1400000US17031836100,"Census Tract 8361, Cook County, Illinois",55,53
1400000US17031836200,"Census Tract 8362, Cook County, Illinois",49,54
1400000US17031836300,"Census Tract 8363, Cook County, Illinois",51,35
1400000US17031836400,"Census Tract 8364, Cook County, Illinois",216,110
1400000US17031836500,"Census Tract 8365, Cook County, Illinois",54,49
1400000US17031836600,"Census Tract 8366, Cook County, Illinois",178,98
1400000US17031836700,"Census Tract 8367, Cook County, Illinois",134,75
1400000US17031836800,"Census Tract 8368, Cook County, Illinois",79,67
1400000US17031836900,"Census Tract 8369, Cook County, Illinois",58,46
1400000US17031837000,"Census Tract 8370, Cook County, Illinois",25,26
1400000US17031837100,"Census Tract 8371, Cook County, Illinois",74,45
1400000US17031837300,"Census Tract 8373, Cook County, Illinois",33,29
1400000US17031837400,"Census Tract 8374, Cook County, Illinois",110,66
1400000US17031837800,"Census Tract 8378, Cook County, Illinois",85,63
1400000US17031838000,"Census Tract 8380, Cook County, Illinois",40,31
1400000US17031838100,"Census Tract 8381, Cook County, Illinois",66,45
1400000US17031838200,"Census Tract 8382, Cook County, Illinois",105,42
1400000US17031838300,"Census Tract 8383, Cook County, Illinois",55,32
1400000US17031838600,"Census Tract 8386, Cook County, Illinois",54,42
1400000US17031838700,"Census Tract 8387, Cook County, Illinois",1,3
1400000US17031838800,"Census Tract 8388, Cook County, Illinois",81,62
1400000US17031839000,"Census Tract 8390, Cook County, Illinois",495,344
1400000US17031839100,"Census Tract 8391, Cook County, Illinois",242,123
1400000US17031839200,"Census Tract 8392, Cook County, Illinois",129,99
1400000US17031839500,"Census Tract 8395, Cook County, Illinois",5,8
1400000US17031839600,"Census Tract 8396, Cook County, Illinois",52,52
1400000US17031839700,"Census Tract 8397, Cook County, Illinois",283,103
1400000US17031839800,"Census Tract 8398, Cook County, Illinois",315,132
1400000US17031839900,"Census Tract 8399, Cook County, Illinois",287,108
1400000US17031840000,"Census Tract 8400, Cook County, Illinois",219,113
1400000US17031840100,"Census Tract 8401, Cook County, Illinois",452,165
1400000US17031840200,"Census Tract 8402, Cook County, Illinois",322,73
1400000US17031840300,"Census Tract 8403, Cook County, Illinois",272,123
1400000US17031840400,"Census Tract 8404, Cook County, Illinois",355,155
1400000US17031840700,"Census Tract 8407, Cook County, Illinois",255,111
1400000US17031840800,"Census Tract 8408, Cook County, Illinois",121,64
1400000US17031841000,"Census Tract 8410, Cook County, Illinois",37,27
1400000US17031841100,"Census Tract 8411, Cook County, Illinois",1319,385
1400000US17031841200,"Census Tract 8412, Cook County, Illinois",696,187
1400000US17031841300,"Census Tract 8413, Cook County, Illinois",428,147
1400000US17031841400,"Census Tract 8414, Cook County, Illinois",38,36
1400000US17031841500,"Census Tract 8415, Cook County, Illinois",112,71
1400000US17031841600,"Census Tract 8416, Cook County, Illinois",8,11
1400000US17031841700,"Census Tract 8417, Cook County, Illinois",87,85
1400000US17031841800,"Census Tract 8418, Cook County, Illinois",40,34
1400000US17031841900,"Census Tract 8419, Cook County, Illinois",309,106
1400000US17031842000,"Census Tract 8420, Cook County, Illinois",83,39
1400000US17031842100,"Census Tract 8421, Cook County, Illinois",479,420
1400000US17031842200,"Census Tract 8422, Cook County, Illinois",190,92
1400000US17031842300,"Census Tract 8423, Cook County, Illinois",138,64
1400000US17031842400,"Census Tract 8424, Cook County, Illinois",60,60
1400000US17031842500,"Census Tract 8425, Cook County, Illinois",55,41
1400000US17031842600,"Census Tract 8426, Cook County, Illinois",228,93
1400000US17031842800,"Census Tract 8428, Cook County, Illinois",441,187
1400000US17031842900,"Census Tract 8429, Cook County, Illinois",181,105
1400000US17031843000,"Census Tract 8430, Cook County, Illinois",62,39
1400000US17031843100,"Census Tract 8431, Cook County, Illinois",60,46
1400000US17031843200,"Census Tract 8432, Cook County, Illinois",158,68
1400000US17031843300,"Census Tract 8433, Cook County, Illinois",40,36
1400000US17031843400,"Census Tract 8434, Cook County, Illinois",38,28
1400000US17031843500,"Census Tract 8435, Cook County, Illinois",77,41
1400000US17031843600,"Census Tract 8436, Cook County, Illinois",67,58
1400000US17031843700,"Census Tract 8437, Cook County, Illinois",108,49
1400000US17031843800,"Census Tract 8438, Cook County, Illinois",51,36
1400000US17031843900,"Census Tract 8439, Cook County, Illinois",56,43
1400000US17031980000,"Census Tract 9800, Cook County, Illinois",0,11
1400000US17031980100,"Census Tract 9801, Cook County, Illinois",0,11
1400000US17031990000,"Census Tract 9900, Cook County, Illinois",0,11
